,Comment,AuthorName,AuthorChannelId,PublishedDate,LikeCount
0,"This <a href=""http://www.youtube.com/results?search_query=%23tech"">#tech</a>ğŸ¤– will solve everything for long distance <a href=""http://www.youtube.com/results?search_query=%23couples"">#couples</a>ğŸ˜",Sex Shiksha,UChqxgpNXTcYA9SnHZ49Ag4Q,2023-03-06,75
1,Iâ¤You,Ananga Bikram Singh Bariha,UClqUCuRSUIBASi3wBWFu36g,2023-04-14,0
2,Kon sa aap hai,Nikhil kumar mashi,UCWX6rRjmpXlXkytLzYtZ-8g,2023-04-13,0
3,Where can I Buy link please ğŸ¤£ğŸ¤£ğŸ¤£ğŸ¤£ğŸ¤£ğŸ¤£ğŸ¤£ğŸ¤£ğŸ¤£ğŸ¤£ğŸ¤£ğŸ¤£ğŸ¤£ğŸ¤£ğŸ¤£ğŸ¤£ğŸ¤£ğŸ¤£ğŸ¤£ğŸ¤£ğŸ¤£ğŸ¤£ğŸ¤£,Rita Anish,UCplg9nI_mYqxigX-uwei3dg,2023-04-06,0
4,But i fall in love with you the you deliver the words baby,Vijay Prakash,UCurRVe8keAXBvHTRmLcTcEQ,2023-04-04,0
5,Apko kiss nhi chahiye kya,Md Afridi,UC4E3gtcxSZbqC4wRlmgw8yA,2023-04-01,0
6,love from Assam â¤ï¸â¤ï¸,Chanakya gogoi,UCxuCy6ALbmEAfIqhdVaFLzw,2023-05-10,0
7,hahahaha ğŸ˜…ğŸ˜…ğŸ˜…ğŸ˜…ğŸ˜…ğŸ˜…<br>are you kidding me <br>huh?? guys as anyone can here??ğŸ˜“ğŸ˜“,@AhmadAlikhan,UCBK6i88xvgexMx5lGVyXv7A,2023-05-09,0
8,ğŸ˜‚ğŸ˜‚omg,HAPPY-FF,UC1l09_AtS1F9Iky3r4E3-gA,2023-05-08,0
9,China will create online s3x soon ğŸ˜‚,Samir Limboo,UCsIrz6_jzgj3pnmbxztudiw,2023-05-08,0
10,ham to tumko chahte hai meri jaan<br>stripchat me id banaa lo please<br>maza aa jayegaâ¤â¤â¤,Nikhil Soni,UCkaTNtm06DMBbvOu_0KWy_A,2023-05-08,0
11,Can we ğŸ‘‰ğŸ‘ˆğŸ¥º,HEN_RRY,UCNV3d6JDEnCk8NFe_9_LzxA,2023-05-07,0
12,Apka muh à¤†à¤® jaisa dikh reha hai,BHOOT,UCoMTkn2vHFBxxy-zGL6EwBw,2023-05-06,0
13,à¦¦à¦¿à¦¨à§‡ à¦•à¦¤ à¦¬à¦¾à¦° à¦¹à§‡à¦¨à¦¡à§‡à¦² à¦®à¦¾à¦°à¦¾ à¦¯à¦¾à¦¯à¦¼,à¦­à¦—à¦¬à¦¾à¦¨ à¦¦à¦¾à¦¸,UCCqbFSx3ZUQFJbh3AEsGG1w,2023-05-06,0
14,I really love you â¤â¤â¤â¤â¤â¤,Hard Disk YT,UCodV7XE9AdcIIfPD3zNLf4A,2023-05-04,0
15,Xxxxxxxxxx,Akash,UCWn_WETGAV1_HBH0Donl_OQ,2023-05-04,1
16,But ye idea mera tha ğŸ’”ğŸ¥²,Aryan Laskar,UCmgH72L550WA-0vZM7Ae7hw,2023-05-04,0
17,Howard irl,Manraj Singh,UCsQ3izb4RSpfQL_WnEVArzA,2023-05-03,0
18,Guys ye jada ho rha h bhot jada ho rha h aise to duniyaa bigad jayegi ğŸ˜¢ğŸ˜¢ğŸ˜¢ğŸ˜¢,r.p.s.t raj,UC0nAxo3Oa-17uXoMCNbalIg,2023-05-03,0
19,You are so cute....<br>Will you marry me...ğŸ¥ºğŸŒ¹,simplicity,UCITDuRPDhgXjOTpazxLh-hw,2023-05-03,0
20,May chahti ho tujhe kiss karo,Tanvir Hasan,UCtRZ9NMumzokTBObvHeriDA,2023-05-02,0
21,Dildo chahiye,Hruta_Chandekar_Official,UCJ_8ULENbK5snHjZOcR3D2w,2023-05-02,0
22,To kus or nhi bana skta Kya,Zaheer Uddin,UC9s1i4FGvyjwOGaM9oDsSIg,2023-05-01,0
23,I wanna kiss you ğŸ˜‚,(Ì·aÌ·nÌ·iÌ·rÌ·uÌ·dÌ·hÌ·)Ì·,UCYJPvp8VtTLVLCs1LrvRdsg,2023-05-01,0
24,Hello,asha vlogs,UCWPbq5O0alXhE4niPMVcbrQ,2023-04-30,0
25,Isse acha me 3000â‚¹ me Russian na le aau ğŸ’€,Master Yadu,UCD_GydsuiRKY-BV274dEhsg,2023-04-30,1
26,Mujhe toh bss tujhe kiss krni ha ğŸ˜˜ğŸ˜˜ğŸ˜˜ğŸ˜˜ğŸ˜˜ğŸ˜˜ğŸ˜˜ğŸ˜˜ğŸ˜˜ğŸ˜˜ğŸ˜˜ğŸ˜˜ğŸ˜˜ğŸ˜˜ğŸ˜˜ğŸ˜˜ğŸ˜˜ğŸ˜˜ğŸ˜˜ğŸ˜˜ğŸ˜˜ğŸ˜˜ğŸ˜˜ğŸ˜˜,A Kay,UC3K1TKUfAvgEPlxCgE7Gv6Q,2023-04-30,0
27,Mujhe to AP ko kiss karna haiğŸ˜‚ğŸ˜‚ğŸ˜‚ğŸ‘‰ğŸ‘„ğŸ‘„ğŸ‘„ğŸ–•ğŸ»,Pro Gamer,UCNR9qKTpLnb2trenIyke4aw,2023-04-30,0
28,Mujhe laga ki aapko vah chahiye ğŸ˜‚ğŸ˜‚ğŸ˜‚<br><br><br><br>Sorry didiğŸ˜­,RITIKğŸ¯,UCq6Kl4ms-0p_LoVrTxhhBuw,2023-04-30,0
29,ma to kuch. or he samaj. raha tha ğŸ˜‚ğŸ˜‚,SHAIKH NOMAN,UCKk2GjZ1S_nMWtdJtqLqZYA,2023-04-29,0
30,AAP bahut cute ho â¤â¤â¤,Rohit Singh,UCTkV6KjRyPj0uJumPwSV6Tg,2023-04-28,0
31,Mujhe toh ap ko karna hy ğŸ˜›ğŸ˜›ğŸ˜›ğŸ˜›,RNM baby viral video,UCv01be9a0rod_l63KeMIZwA,2023-04-28,0
32,Tumharey nek me Jo til hey haye ğŸ’˜,Bibek Chaudhary,UC05Q2NOQPqBnEPvAH4a-vKA,2023-04-27,0
33,Bhai kiss karna ka hi h wo device <br>Tu jo socha raha h wo ni karna ka h,Sá´á´á´‹Ê Gá´€á´ÉªÉ´É¢,UCN4XaKIBd-lZTZBnSX25RFg,2023-04-27,1
34,No you need land,Mohinder Sethi,UC_UzRENv5g24ar3gRQZpc5A,2023-04-26,0
35,Bhat dukh huwa mja . Kas. Meri vi gf hoti ğŸ˜… ya kharid na laiya,assame gaming,UCeKmKeuMo8pEqayIoTbKO_w,2023-04-26,0
36,kiya is product say apko kiss kar sakta ho?,Crypto Currency,UCGrrB0Tiryi6eVwWDyqV3xA,2023-04-25,0
37,Tumhain Mera Lora chiayğŸ˜…ğŸ˜‚,TALHA AKBAR,UCqW22Gz1Rpd_EDDjGRANe5Q,2023-04-25,0
38,3000 ke andar mein gujrat mein kya nahi kar sakta sala 3000 extra kar k Russian kharid letağŸ˜‚,ğŸ”±ğŸ•‰ï¸à¤¸à¤¨à¤¾à¤¤à¤¨à¥€_boy,UCUUOhFGit_pkrS2D-92eAzQ,2023-04-25,0
39,is ko aap use koro,Nath (yogi ) Community,UC2H784QyhdDI_GIQoee2jgw,2023-04-24,1
40,Bhai tu to single hai na fir kyu comment phd rha hai,Nik.videos,UC-wpnhApOZ-aumggpi850sQ,2023-04-22,0
41,sex is fun,SpFg Facts,UCznDnIFWyRITXPJpAf-7ZmQ,2023-04-21,0
42,Legends be like : 3000 Aur milake Russian hi bula lete hai ğŸ˜‚ğŸ˜‚,Rohan Singh,UCQY5wHhachLmpp97govvORw,2023-04-21,45
43,6000 me milti hai? Kya? ğŸ˜®,hunter,UCo3sYgu0WtPVD1ROQBsRuhQ,2023-05-06,0
44,Mai tumko karunga,Ex gaming,UCtdGphc3oA6MB2N077A9Mpw,2023-04-21,0
45,Aap dedo na kiss ğŸ˜˜ love u mam&#39;,Suraj Kumar,UCb-TqZl_b96C5YKkvZ0ln3A,2023-04-20,0
46,Merko malum terko kya chanhiyeğŸ–•ğŸ–•ğŸ–•ğŸ–•ğŸ–•ğŸ–•ğŸ–•,mc  stan,UCDNMeX6RnxjpD0h-bmZ-f3g,2023-04-20,0
47,Bhai 3000 aur laga leta ğŸ˜‚ğŸ˜‚ğŸ˜‚,Vijay Senger,UCs_7Tel7NafWTWF4InsPq0g,2023-04-19,0
48,Thank you for pic assam â¤,ERROR GAMING,UCGZEbHqpkG4dBuKONFYz-3A,2023-04-19,1
49,3 hazar or milakar 1 Russian le aaungağŸ˜‚ğŸ˜‚,Ankit Raj,UCghqjfTkhfhXo5wiBoUWtug,2023-04-19,0
50,Link kaha haiğŸ‘€,fred,UCo_3wMIzSVkcYIEItvbMxlw,2023-04-18,0
51,your nose pin very sexy,Suresh Kumar,UCYtRcDHwlPVEcyOaorlXU0g,2023-04-18,0
52,Tumhe kiss kr dunga ğŸ˜…ğŸ˜…,Ranjit Bouri,UCHqdRViQUe8v5m8AjayoAMw,2023-04-18,0
53,Kar diya subscribe... Content and area of interest achha hai aap ke channel ka,Md Abu Bakr,UCBW4RDrMtvxt2Q-MhjZbKhg,2023-04-18,0
54,Abe gyani ye device Japan ka invention hai pehle thoda mehnat Kar Liya Kar padne ki mehnat,logical vibe,UCm6lcx8zxhPKmZudydze9CQ,2023-04-17,0
55,Before marriage love is haram in islam. âŒMay allah guide you right path âœ¨â¤ï¸,ğ™ğ™ªğ™¨ğ™ğšâ£â™›à¿,UC_la8saI7gHEnDn9PFtjE6g,2023-04-17,1
56,Isse accha toh bc 3000 me call girl k paas chale jaayege log ğŸ˜‚ğŸ˜‚ğŸ˜‚ğŸ˜‚,Danish Shaikh,UC9o1TcdIdzV8pCpXjj3Krkg,2023-04-17,0
57,Aap kitni khubsurat ho kaha se ho aap,Ajju Ade,UCymV_Xaq5XajbVvOLVkutkg,2023-04-17,0
58,Legends know how to use this product ğŸ˜‚ğŸ˜‚b/j,Naveen Rana,UCpcqR7w7ZDzZVJ71_roy3RA,2023-04-16,0
59,I LOVE YOU ğŸ‘ŒğŸ‘ˆğŸ¤ğŸ’‹ğŸ’‹ğŸ˜œğŸ˜ğŸ¤ªğŸ‘…ğŸŒğŸŒğŸŒğŸŒğŸŒğŸ‘ğŸ‘ğŸ‘ğŸ‘,Rocky,UCgbLuVhsHmYgzWgxODM1tjg,2023-04-16,0
60,Chali ja sexxi,@XY gaming platform (Op),UCUtEmV0dD162ppzmo8DVV8w,2023-04-16,0
61,main tume kiss krna cahta hu,Mz Status Creator,UC57Vp7IM9BpmdyiB85Fafkg,2023-04-16,0
62,ğŸ˜‚ğŸ˜‚ğŸ˜‚ğŸ˜‚,Suman Nishad,UCglF78O11Q5-oVu6jT9Mlxw,2023-04-16,0
63,"Apko real me aisa kissing device ya boy frnd... Mujhe to aise faltu ka cheez nehi chahiye, Chinese log mainly Psychi hai..",Tango Charlie,UCpR8zGZlebFyKdUx8b8MJAA,2023-04-15,0
64,Ok,Gokul Singh,UCKVLn3IGA6fLLIVnC4baMDQ,2023-04-15,0
65,Kissi nhi chahiye subscriber chahiye<br>Mele Babu ko ğŸ¤ªğŸ¤ª,nature lovers,UCvuNVOdpO6ywpXvvfJzn6hA,2023-04-15,0
66,Aap kiss karo ge mere s,Mantri je,UC4P3esRfFvIqTOkhMr8TGjg,2023-04-15,0
67,Women â˜•ï¸,Umar arshad,UCKk1pyHUm0v1GP5ZImLiVlQ,2023-04-15,0
68,Mujhe v aspse kissi  ğŸ’‹ğŸ’‹ğŸ’‹,Vikas Kr. paswan,UCBzMi7E9JrIw0QWjrxwRMLA,2023-04-15,0
69,Ye ladki bohot bolti hai room me Aaye gi taps tap dege lasi Gira denge,Suraj Kumar,UC6tlp5wFW_gj-uCTf6j_n1w,2023-04-15,1
70,Don&#39;t comments like this ...,doll,UCPVE2Od_RT6KLalzAQnmjoA,2023-04-19,0
71,Ase baty kr kr ka tumari shakal pr lanat par gye ha,BLÎ›CÎš MÎ›MBÎ› BLÎ›CÎš MÎ›MBÎ›,UCg8vSoP5R9mUmvlDRHGSnFg,2023-04-14,0
72,Main teri Katt lunga kissiğŸ˜…,Bablu Pal,UC7_NHH2UecUqPTA-gCi7DHQ,2023-04-14,0
73,where you from ma&#39;am Â¿,Sourabh Chetia,UC0Oo2y-0dXRtrR0yFPZwQeg,2023-04-14,0
74,App ko subscribe nhi Koch or chiyağŸ˜‚,Ansari wrestling,UCg0m4EPS03XUzUl6n0o6J1Q,2023-04-14,0
75,Mai pehle se hi ready hu but isko kabhi nahi karunga meri gf ko direct hi karlungağŸ˜‚ğŸ˜‚ğŸ˜‚,GAURAV KALARWAL,UCOxRL4ugdnOuX7-Fh-gIc0w,2023-04-14,0
76,Himmat to Dekho assam ka nam Le Raha hai ğŸ¤¬<br>Assam ek pavitra jaga hai <br>I am the soch samajh Kar baat Kahe ğŸ¥º,AR RAHUL,UCkf4T9iMlNTiA7-uNygkNlw,2023-04-14,0
77,ğŸ˜‚ğŸ˜‚ğŸ˜‚ ab chal,MAKHNI,UCIcFCpCfPPbeY2ITR8HnAkQ,2023-04-14,0
78,Wait for s3x Device,JD Varsani,UCzPZDwKgxYNVm4cQUygRF-Q,2023-04-14,0
79,"Ghapaghap wala wifi wala invention à¤¬à¤¾à¤°à¥‡ à¤‰à¤¨ à¤²à¥‹à¤—à¥‹à¤‚ à¤¨à¥‡ à¤•à¥à¤¯à¥‚à¤‚ à¤¨à¤¹à¥€ à¤¸à¥‹à¤šà¤¾, à¤¬à¤¸ à¤à¤• à¤°à¥‹à¤¬à¥‹à¤Ÿ à¤¬à¤¨à¤¾ à¤¦à¥‹, à¤µà¤¹ à¤°à¥‹à¤¬à¥‹à¤Ÿ à¤¹à¤®à¤¾à¤°à¥€ moves à¤•à¥‹ à¤°à¤¿à¤•à¥‰à¤°à¥à¤¡ à¤•à¤°à¤•à¥‡ à¤¸à¥‡à¤® à¤•à¤¾à¤® à¤•à¤°à¥‡à¤—à¤¾ à¤¦à¥‚à¤¸à¤°à¥‡ à¤•à¥‡ à¤¸à¤¾à¤¥, simple idea",Gohil Paramjeetsinh,UC9fJwFHxo0wwwh9acq8Kx8w,2023-04-14,0
80,I love you,Ananga Bikram Singh Bariha,UClqUCuRSUIBASi3wBWFu36g,2023-04-14,0
81,ğŸ˜ŠğŸ˜…ğŸ˜…,block adil mmt,UCbR9VwsL77vH6ijJoRKmbqg,2023-04-14,0
82,Hamen bhi pata condom kaise utarti hi hai Aisa Bata dun Prema Rai ke Condom Laga,Badshah Gfx,UC_hY2cNcayCoGsjhPxRKezg,2023-04-14,0
83,Condom wali video tune banai thi na,Badshah Gfx,UC_hY2cNcayCoGsjhPxRKezg,2023-04-14,0
84,Tujhe sex jyada chinta hai kya aaja mera,Sagar detailing Mafia,UCEPofCRRvOzIsnIljOfVZ9Q,2023-04-14,0
85,à¤‡à¤¤à¤¨à¥‡ à¤®à¥‡à¤‚ à¤¤à¥‹ à¤¹à¤®à¥‡à¤‚ à¤…à¤¸à¤²à¥€ à¤²à¥œà¤•à¥€ à¤®à¤¿à¤² à¤œà¤¾à¤à¤—à¥€ LOL,deependra vikram,UCjv7ju_1Qpuc22nfbsPoIOA,2023-04-14,0
86,Pehle aap lao ...bas iske bad ...readddyyyğŸ¤£ğŸ¤£ğŸ¤£,jitendra kumar,UCn_SiBh4zJCW3CQwOOpsygQ,2023-04-13,0
87,attttttttttt meri sweet,Santa singh Santa,UCswx4uYU_hV-ZarxeU73Eow,2023-04-13,0
88,Apko kiss ğŸ’‹ğŸ’‹ğŸ’‹ğŸ’‹ kr sakte h kya,Manoj Prasad,UClvkT72KceU9Fh-JfjRe81A,2023-04-13,0
89,We can also try,ABHISHEK VERMA,UCnYYoGveV838NNMiCy1PvFw,2023-04-13,0
90,Can it help blowğŸ˜‚,Vikram Jain,UCZSuBafiHgiv8mgNCCwN_gA,2023-04-13,0
91,Nice voice ğŸ˜Š,Gameplay,UCXXuezLKjJMbFjZScRnlKnQ,2023-04-13,0
92,ğŸ˜‚,Gameplay,UCXXuezLKjJMbFjZScRnlKnQ,2023-04-13,0
93,Mujhe aap ko kiss karna hai,Fish knowledge,UCdsWNkU4LBbO6HYhcMAB4MA,2023-04-12,0
94,Aap ko kiss chahiye kya,Fish knowledge,UCdsWNkU4LBbO6HYhcMAB4MA,2023-04-12,0
95,Aisa Cheez Hamara Assam Me Mat Ana ğŸ˜‚,Hasibul Islam,UCWCAShSSKHg4kkoEF68HOeQ,2023-04-12,1
96,Ap ko bhe kr skta hu mai kiss,Naranjan Kumar,UC8UYL8OOgZdf5npHjIP57Zw,2023-04-12,0
97,Chinese maal haiğŸ˜’ğŸ˜’ğŸ˜‚ğŸ˜‚ğŸ˜‚ğŸ˜‚,Prithvi,UClxn1LHawR0VKtxTJU6kvHw,2023-04-11,0
98,Very cute ğŸ˜,Haseeb Imran,UCDLb7CTS16NrWOCjvNgHcZg,2023-04-11,0
99,Madam aap bahut cute ho,Babu Shaikh,UCdW8RO9BCWWWP6HYEKnhzlQ,2023-04-11,0
100,I love you,Call of Duty Mobile,UCy2YI8lDI80Nl9vO0pHn5ng,2023-04-10,0
101,mujhe toh apko karna hai,Power Facts Knowledge,UCrIzjMuVhnk1S80Qp6yGVMQ,2023-04-10,0
102,Koi subscribe mat krns begairat orat ko ... Ghar ss nikalne ka nateeja h,sameer khan (sam),UC6qN9nr-0G1VphSs-yAb64g,2023-04-09,0
103,"<a href=""https://youtu.be/WcY48SMVs3w"">https://youtu.be/WcY48SMVs3w</a> full video link",Mirch Masala,UCvRSif-6nKu4e7z7blBT8GQ,2023-04-09,0
104,Tum bohot sexyâ¤,Zia,UCiwY3QqLtHfxz3u2wFcMPzQ,2023-04-09,0
105,Apko kissi karne k liye kya karna padega janamâ¤,Nitendra Kumar,UCbtRCM8saZS-zkH7gxbHbqw,2023-04-09,0
106,Bolu kya hasi nhi ruk rhiğŸ˜‚ğŸ˜‚,Abhay Prajapati,UCK4vRQRbzaohxfRaM_XEHng,2023-04-09,0
107,Iam from assmğŸ˜‹ğŸ˜œğŸ˜¹ğŸ˜¹ğŸ˜¹ğŸ˜¹,hayen mushahary,UCc5Ll97AS6PxAIZHtcxkEnQ,2023-04-08,0
108,"Online sex aap na bna de ye saab online  ,ğŸ¤£ğŸ¤£ğŸ¤£",sb_editz,UCAPsfFQ_mpvm6bXyv1OFfmQ,2023-04-08,0
109,Kardunga kitini bar mang rahi ho,Srock Devil,UCAjJ2jtRGAxyzgP9vnrUryQ,2023-04-07,0
110,1 land 1 chut ğŸ˜‚ğŸ˜‚ğŸ˜‚,KD youtuber,UCHjs1i2x92qf11An2n53xWA,2023-04-07,1
111,Ap moje kiss ğŸ’‹ karoge,GOD REHAN,UCWW--0YrBKFe1gt_LgRmesw,2023-04-07,0
112,"Even I know what do you want, definitely not a subscribe.",artemisticnaveen,UCC4lJge4fJEccHcVBm57EpQ,2023-04-06,0
113,Aur jiska Partner he nahi rehegi tho ğŸ˜… .,Samad,UCZlVP23rdhLj0NW6QqZh5og,2023-04-06,0
114,Mai to itna single hu k ab mujhe lagata h k japani order krni padegi ğŸ˜¢ğŸ˜¢ ye dukh kahe Khatam nhi hota be ğŸ˜¢ğŸ˜¢,JD,UCHhrG3tqFDS31ugXSATGldA,2023-04-06,0
115,ğŸ˜‚ğŸ˜‚ğŸ˜‚,Ujjwal Tamang,UC-g8QGUgw_X9DRp1Hvb2E8Q,2023-04-06,0
116,Kuch saal bad dur se hi dalne Wale machine aayegaa ğŸ˜…,L4Lucifer,UCDkp0RdPTuq-zFqjila40GA,2023-04-05,0
117,or muje ap chiye ho ğŸ˜,stYLoo nova,UCAvDwTxsO4LdUu8PHOHUHuQ,2023-04-05,0
118,Ye to bacche bhi mobile se hi peda kara sakte haiğŸ˜‚ğŸ˜‚ğŸ˜‚ğŸ˜‚,Ayaan S.k,UCjYgee4Tx38zk163Vvk-WSA,2023-04-05,0
119,ğŸ˜‚ğŸ˜‚ğŸ˜‚ğŸ˜‚,Ravi Pardhan,UCXmfQhYFF9AWcNvrmf9Fu5g,2023-04-05,0
120,Muje to chuu chiye,sahu gaurang,UCNmGT28sxh1uwvyLUJto13g,2023-04-04,0
121,Kya is divice ke andar apna saman dalkar direct apne partner ko chusaya ja sakta hai ğŸ˜‚,Soumya Ranjan Biswal,UCspINHitYx7IXvOYG0bPN8A,2023-04-04,0
122,Mera. Laoraa. ğŸ˜‚ğŸ˜‚ğŸ˜‚,Raja Danuwar,UCBZ-xqSVK-vaYdo7UvtJ_GQ,2023-04-03,0
123,Muje kiss chaiye subscribe nhi karunga ğŸ¤£,ELIXIR,UCEqeGBaXVUl5NSCkTtbdQ6A,2023-04-03,0
124,Tumre sath ho ju,Raman 5k,UCPgGqcUPmrItBqopheoquJw,2023-04-03,0
125,Le bhai invention bhi china me hua hai matlab samchh rhe ho na vinod ğŸ˜€ğŸ˜€ğŸ˜€ğŸ™,MEDHA UNIVERSE ğŸŒ,UCgLdMfC6JgcWTfckExabcDw,2023-04-03,0
126,Subscribe theek hai par tujhe Kiss aur sex nahin chahieğŸ˜…ğŸ˜…ğŸ˜…,I'm bad boy,UCQ441IZirKe1jZr1IVaepRw,2023-04-02,0
127,You are so cute<br>ğŸ¥°,MANOHAR LAL,UC_Kzr8vPnotwQi3JGyPd2tA,2023-04-02,0
128,Aapko long l**d chayie,Õ©Î±É¾ÑµÒ½z kÕ°Î±Õ²,UC9_uE1SNvMRAKLELygYxqvw,2023-04-02,0
129,Hum toh earphone par hi dabba k kiss karr lete hain ussi se hi poora system ğŸ†khada ho jata haiâ˜ºï¸ğŸ˜,Mani,UCa3oIM1LRCYEOPGLtpL-3eg,2023-04-02,0
130,Iski video dekhne wale knowledge k liye nhi ise dekh k hilane k liye video dekhte hğŸ˜‚ğŸ˜‚ğŸ˜‚ğŸ˜‚ğŸ˜‚ğŸ˜‚ğŸ˜‚,Mechanical Gaming,UCzgaEYEscNnuRkwtnFwzxbQ,2023-04-02,0
131,tujhe lauda chahiye aur kuch nahi,Gaurav Pandey,UCbxZ1Lne_zhDq2Wv-f7JM_A,2023-04-02,0
132,Device toh le legay patner kon dega ??ğŸ˜¢,ÄarkmatteÅ™,UCfmF3BoBQAwph7bp8Z4SMtw,2023-04-01,0
133,Tu L chahti hai bs,ZalimYT,UCXLcjwqW-gsoOYOu7NouZBw,2023-04-01,0
134,Nai caroga ba,Rohit Sharma,UCORZPE_M-PElLvWMI-VlEIw,2023-04-01,0
135,BJ k liye v use ho jayegiğŸ¤£,Mr. Stark,UCKcKrmS2M7UDA_z-5gYmS9A,2023-04-01,0
136,ğŸ˜‚ğŸ˜‚ğŸ˜‚ Youâ€™re too talented ğŸ‘ğŸ»,Rongpi Mindar,UCXZilV-xaHbxiC5Ut71A59A,2023-04-01,2
137,Pata kese chalega ki mujhe mera partner hi kiss kar rha h.,sahil Kumar,UCyU3tdEBvGNKF93WDHXVA_Q,2023-04-01,0
138,ğŸ¤­ğŸ¤­ğŸ¤­ğŸ¤­ğŸ¤­,Sharukh Sha,UCflDX_qQe4JwsCIwBG-kwkQ,2023-04-01,0
139,Ha nakli device kisko chayye me bhi janta hu muje kya chayye tumari kiss,Sharukh Sha,UCflDX_qQe4JwsCIwBG-kwkQ,2023-04-01,0
140,Iska naam kissinger tha madm 2015 mai i the device,U MM,UCh1tDHv4BgKkWeUFLA1EwWQ,2023-04-01,0
141,ğŸ˜ğŸ˜‚ğŸ˜‚,Roshan Kumar,UCCIwgHny8RU_zwOozx92qcw,2023-04-01,0
142,Aapko bhi,Army's lover,UCUm9jpZebMyAJ4DcBO6SNng,2023-04-01,0
143,mai to kuxh aur he samjh rhe tha ğŸ˜ğŸ˜ğŸ˜,Noddy Khan,UCVSlobzZc_Co2ZICv26gAYg,2023-04-01,0
144,Tughe suscribe nhi hatiyaar chahiye,Time Pass,UC8oanHEYoCTwfW50qJYbDAA,2023-04-01,0
145,Looking  like kriti sanon,AMIT BHASKAR,UCU7wOPPxvnGU2Y8Eu9uy5Bg,2023-03-31,0
146,Tu samja,RVD,UCLS98uPt0-yKgvCxMc7yGAw,2023-03-31,0
147,Can u give me a ğŸ’‹ kiss?,Something Motivate With BrAnD,UCni_W_fK0QY_d2d3cK6cSjg,2023-03-31,0
148,Etna speed to plane v nhi udati jitna apka updes h...,Prince Raj,UCTJJMp4hhYPZh-nLFne0xGg,2023-03-31,0
149,lund logii,Harsh Singh,UCmOGFHUfd_rHUFelQUfiteQ,2023-03-31,0
150,Mam kiss nahi hai. Yeh to didi haiğŸ˜…,Sarfaraz Merchant,UCRoEqyJME4BXx6boqbdN83g,2023-03-31,0
151,Apka number do na mere pass toh paise hai lakin partner nahi hai app mera partner ban jaoğŸ˜‚ğŸ˜‚ğŸ˜‚,HINDUSTANI NO 1,UC-KbWfTxYkl7WQztNNXwutg,2023-03-31,0
152,Tum ek kitna baar use karti hoo.,Math Doctor,UCk6qEkzUdglvcsjC60bWYYw,2023-03-31,0
153,Tujhe abhi pta chala kyağŸ¤£,L_E_X_X,UCw6O13TqALJcrs8ZhIs0F5w,2023-03-31,0
154,Kissing device to ban gaya<br>Ab fu**ing device chahiye app link do na ğŸ˜‚ğŸ˜‚ğŸ˜‚,Guitar Knowledge,UCYZy80RGvJv6r1hom8oanlg,2023-03-31,0
155,apko be kiya chiye lagend samaj gy ğŸ¤£ğŸ¤£ğŸ¤£ğŸ¤£ğŸ¤£ğŸ¤£ğŸ¤£ğŸ¤£,Lovepreet singh Randhawa,UCoSHwjIB8rr3OzBh3h5GVwQ,2023-03-31,0
156,Tumhe land chahiye ğŸ˜‚,shailendra gangwar,UCi5_FUrnc4p804sQMafs5RQ,2023-03-31,0
157,Or mujhe pata hai mujhe kya chahiye aapko kiss karna hai..,Aj action Singh,UCbQuhW_EUVsNRB1Iq9OnkQg,2023-03-31,0
158,Facevof dog you,V4 increase,UCbPN7DWMbKx3iwr5MSS49EQ,2023-03-30,0
159,feeti,narottam puri,UCAOFMd3aTYrDfJ3A5VcCxWw,2023-03-30,0
160,Tumko or kuch nahe aata he kya sex only,Rajesh Rai,UCyk0XfDH4W_q0Jx0bQbh8HA,2023-03-30,0
161,chl bosdi ki kl jab tere andar dala to tum kiu chik rhi thi aur abb dusro ko gyan de rhi ho abb ni tume bulauga lene k liye tumhariğŸ˜Ÿ,BIG BULL,UCH13MIlaq8dsV7M-GjaIHfw,2023-03-30,0
162,Bj bhi hoga kya ğŸ˜Š,äº—ã€ It's Ã¼r bÃ¸y TÃ£pÃ¥n ã€äº—,UCKrggy4SBmOrM0wbH6NOSUg,2023-03-30,0
163,L chahiye,Ajay kumar Jaiswal,UCzcjxnHIB7C7criqNcw55GA,2023-03-30,0
164,Aise bakbas chiz free mein mile to bhi mein use na karu,abhijeet banik,UCqvYFlShOa4rP8R_Bmcs3vQ,2023-03-30,0
165,Assam walo like karoğŸŒš,Mridul ,UCpgihOXevcI7bGLt6UtOD9w,2023-03-30,0
166,Maine to khareed liya bus aapka number de do aapke sath hi vish kar lenge dur se,ALL BANGLA RAHUL,UCOm_LhiVpfFndCrr1w7o_Ww,2023-03-30,0
167,"You don&#39;t need subscribers, you just need my kissğŸ˜ğŸ˜‚",Abhishek Garg,UC__GKQw4sfSYmbjt-Q_FhxA,2023-03-30,0
168,kya lipkiss se bhi virus transmit hote he? <br>jese ke aap ke oralsex video me bataya oralsex ya slaiva se bhi virus tranmit hota he..,N.g chanal,UCMsOnTm8QZk1nU54AOYgdcA,2023-03-30,0
169,Aur dildo,Ishal Azam Azam,UCWGqz1kQRdWNVxZSscXlPoQ,2023-03-29,0
170,Bhai 3000 me toh real me kiss mil jata hai ğŸ˜‚ğŸ˜‚,Dark world,UCi1Hl3AqCh6HKHTIiDIltIw,2023-03-29,0
171,Kuch bhi....... 3000 mai kiss se zyada mil jata hai.....,pranav sagvekar,UCN1X79QSlE8cx9CKtwBZvyQ,2023-03-30,0
172,Kheyali pulav ğŸ˜…ğŸ˜‚ğŸ˜‚ğŸ˜‚ğŸ˜‚ğŸ˜‚,multi videos,UCSHI2edZpx2zOnMtTReywyg,2023-03-29,0
173,ğŸ˜ğŸ˜ğŸ˜,Devraj Sunuwar,UCk4e4DdcJxQtGitqDlvhJEQ,2023-03-29,0
174,"Ye poora din chudampatti ke hii baare me sochti rhti hain, opportunity me bhi isko hawas dikh jaata hoga",SHIV KUMAR,UCbwX-m0gb4yk83PgAX-lJsg,2023-03-29,0
175,3000 me to ....sab kuch kar lenge,kp#897,UC6YFZd_WzLrlM2Sa99Cz8jQ,2023-03-29,0
176,B$c,Gold 11,UCk5U8kQzwSIeeKEQw5m-Q0g,2023-03-29,0
177,Kya Oral bhi kr sakte hai ?ğŸ˜‚ğŸ˜‚,Studiezzzzzzzz,UCFUZujqH-Wc-5flUwpIUOPA,2023-03-29,0
178,ME TO KOUCH AUR HI SAMJHA RHA ğŸ˜…ğŸ˜ŠğŸ˜ŠğŸ˜ŠğŸ˜Šâ¤,MOVIES CLUB,UC6hdWd26ecgnzS-J5oVhVlw,2023-03-29,1
179,Mujhe laga aapko kuch aur chiz chahiye ğŸŒšğŸ’€,Rudra Bhardwaj,UCbANiVV8GlwCfoftYowAyXQ,2023-03-29,0
180,Aur + 3000rs = Russian ğŸ˜ğŸ˜‚,Mr. PRANAY,UCHuEaQZBff57YtFKYRrEh9A,2023-03-29,0
181,Tumko chahiye ek bsdha sa kala lamba jo mun me le sako taki mun sidha ho jaeğŸ˜‚ğŸ˜‚ğŸ˜‚ğŸ˜‚ğŸ˜‚ğŸ˜‚ğŸ˜‚ğŸ˜‚ğŸ˜‚ğŸ˜‚,youtube king,UCBt8grk60zlBJqS2Yb4KUOA,2023-03-29,0
182,Seems like china living in 2040 already.,Mr Hacker,UCcSWpZ-DRcjFdnQ52O1Pk-A,2023-03-29,0
183,iska s.x shiksha se kya connection he,TechBird,UCabgx9JihoCZojla7Dolfhg,2023-03-29,0
184,Subscribe nhi chahiye tumhhe lund chahiye ğŸ˜…ğŸ˜…,MR NAYAN 444,UCINri7tsFAohqPXNtrrKD6w,2023-03-29,0
185,I think tumhe bi ek kiss chahiye ğŸ˜‚ğŸ¤£,T Muduli,UC9_ioeL6WpirSfQXFPmaFxQ,2023-03-29,0
186,Just for kiss? ğŸ˜,Veer Arjitwar,UC546WDI_NkZVWJmusa6f4-g,2023-03-29,0
187,Ladki ne Muh me Thook diya toh ??ğŸ˜‚ğŸ˜‚ğŸ˜‚,rudra,UC1nTLD2KYMCkpYh9jqr55mg,2023-03-28,0
188,Legend use Hathoda <br><br>Muh khol jalfiğŸ˜…ğŸ˜…ğŸ˜…,Mr Siraj,UCpju5inLr8nru9r4g_6V_xg,2023-03-28,0
189,Tarak pan ultimate,pk,UC_ZMpdJE1xiSrwKRDYWwfVA,2023-03-28,0
190,B*<b>***</b> d ye muje chaiye yrğŸ”¥ğŸ”¥ğŸ”¥,Moirangmayum Bikash,UCNztgCYtsXTP1aB5FttryTA,2023-03-28,0
191,Internet our life.tu bhi toh internet key waja say paisa chap raha hai..,real force ğŸ™,UC2YA6qZNteqfbZMNAUBZbYg,2023-03-28,0
192,Aaap kaha se ho wese haa ?,Mirza Soheb,UCbe7qjovC4pG5LPkRgyLOvg,2023-03-28,0
193,Iss technology ko aurr badhna chahiye..thode aurr features hote toh maza aa jatağŸŒš,Sandeep,UC_0JFbjk1MSLCPMK0Ib3D8g,2023-03-28,1
194,Ik aapko bhi Lena chahiye ğŸ˜…ğŸ˜…,Vijay Kumar,UC-T290iMjJC6erQf8-ADFcg,2023-03-28,0
195,Tujhe ready made land ki jarurat hai ğŸ˜‚ğŸ˜‚ğŸ˜‚ğŸ˜‚<br><br>Kya content lati ho tum ğŸ˜¢ğŸ˜¢,Fearless G.G,UCpNmowicsTeyRrvEFM33OLw,2023-03-28,0
196,Abba nhi manengeğŸ¤£ğŸ¤£ğŸ¤£ğŸ˜‚ğŸ˜‚,MUKESH RAWAT,UCpRVp58wxNNFr3-aCZsW5hw,2023-03-28,0
197,That device I am not using two kissing I am using ğŸ’€ğŸ’€ğŸ’€ğŸ’€ you know......,STUDY SKANDPRO,UCx_R-co7Wg9AHbNXUA0-u5g,2023-03-28,0
198,Dhurrr chapri,Jetuki,UCZI14sj1CS9R8xX8ysGucsA,2023-03-28,0
199,Kisi,Chittaranjan Mallik,UCQoRQgR6zf39uc7yFdqlr3A,2023-03-28,0
200,To dega kiya,Chittaranjan Mallik,UCQoRQgR6zf39uc7yFdqlr3A,2023-03-28,0
201,à¤®à¥ˆà¤¡à¤® à¤¤à¥à¤®à¥à¤¹à¥‡à¤‚ à¤•à¥‹à¤ˆ à¤”à¤° à¤Ÿà¥‰à¤ªà¤¿à¤• à¤¨à¤¾ à¤®à¤¿à¤²à¤¾ à¤•à¥à¤¯à¤¾ à¤¶à¥ˆà¤•à¥à¤·à¤¿à¤• à¤¸à¤¾ à¤•à¥‡ à¤…à¤²à¤¾à¤µà¤¾,Mukund Mishra,UCD_goFE2pdKU6zYVTFJrmGA,2023-03-27,0
202,"&quot;Pehle estmal kree, Fir viswas kree&quot;ğŸ˜‚ğŸ˜‚",Harsh Kaushik,UCDp55Bb7B_DMD5u6SA_5P1A,2023-03-27,25
203,Shor machega song,Ovais Style,UC8jVSlmb2YW7p0V2tmeUCYw,2023-04-11,0
204,"belowjaob,,,,ğŸ¤£ğŸ¤£ğŸ¤£ğŸ˜‚ğŸ˜‚ğŸ˜‚ğŸ˜‚",IIT-BOMBAY,UCJEDrZ44d9RyEd36HRLRflA,2023-03-27,1
205,yhn ğŸ˜‚ bf munh k andr dal dy ga ğŸ˜‚,Aoun,UCQ-RCMlATKOdswLKT0k3ojg,2023-03-27,0
206,Uss machine ka hooth khulta bhi hai kya??<br>Vo Janna hai,INDIANO GAMING,UCHKvN6a5onlSN5N8jAJLhwA,2023-03-27,1
207,You are beautiful,Bondhon Roy,UC_ejNF2wf_Ejgn_R3YkM5_Q,2023-03-27,0
208,Assam ka Nam kiyu liya?????????,Polash editing,UCKtX45jF4t9G4iSvRR9jB1g,2023-03-27,0
209,ey lo long distance relationship ka kiss liye device nikal gaya,ê§à¼’â˜¬à¹–Û£ÛœÇ¤Ğ½ÏƒsÏ„à¼»à¹–Û£Ûœâ„œideâ„ â˜¬à¼’ê§‚,UCMXjw9xVBXndlF_6NYSr1yA,2023-03-27,0
210,Bhen kya ker rhi hai tu<br>Tum kya bahut jyada piti ho kya ğŸ˜‚ğŸ˜‚ğŸ˜‚ğŸ˜‚ğŸ˜‚ğŸ˜‚,Karan Singh,UCdHlZPdiUODYoHyMwfKbSNA,2023-03-27,0
211,"3000 ka mai lu, 3000 ka use dilau wo bhi sirf kiss ke liye<br>Isse accha 6000 me Russian na le aau",à¤ªà¥à¤°à¤œà¥à¤œà¥à¤µà¤² à¤¶à¥à¤°à¥€à¤µà¤¾à¤¸à¥à¤¤à¤µ 'à¤µà¤¾à¤¸à¥',UChOKTEWShUKu0mAGIiBjfRw,2023-03-27,0
212,â¤â¤â¤â¤,Nitin Rathod,UCJbMCMDhC_7zFTBXcPotmXw,2023-03-27,1
213,Xxx,IMOTIONSofDAMGES,UCcEFdA4JYifg1C0u_9xfgpA,2023-03-27,0
214,Bata do yaar kaha milega,Indian Desi Car Lover,UCoI3YWurvywb4Z5MGf27E4A,2023-03-27,0
215,ED kya hota hai????,Anandroczzz44,UCT6MEZHrykDZOqwL5k5fnMg,2023-03-27,0
216,Mujhe lagta h aap logon ko aware km or apna business jyada failane m lagi ho,Mantu paswan,UCUlwPQirsbZkWWi2sl6nIMw,2023-03-27,0
217,ya product kaha pe milega yar koi batyaga plz,Anjan,UCNrhiPZa_kFBJsc3a-BKuzQ,2023-03-26,0
218,Aare Didi Aram se ğŸ˜‚,ğ“›ğ“¾ğ“¬ğ“² . . . ğŸ¥€ğŸ–¤,UCtw1fB7nntelgiMtF1LJwJA,2023-03-26,0
219,I donâ€™t need this,Anurag Gope,UCwA5HMg5dox4-NALyZEV-8A,2023-03-26,0
220,3000 me to beautiful maal mil jayega,navin adhikari,UCWEEJ_oT8VGZjqP7-NOZwDQ,2023-03-26,0
221,I LOVE U â¤â¤â¤,Svj_gaming,UCNGfi3XFUhKL8ogQ6uJFY5w,2023-03-26,0
222,3000 me kiss bahut mahanga hai kuchh aur banata to sochata bhi,RAJAN CHAUHAN,UCUkYT7XS6QDxHfrNvV8PbQA,2023-03-26,1
223,madam silicon vagina ka invention kisne kiya,Munendar Saini .7,UCagEU1aWvfb6xx7UCcxDcKw,2023-03-26,0
224,Tum ko chahiye ek LOU*A ğŸ˜ğŸ˜ğŸ”¥ğŸ”¥,FOG Style,UCJKNZlxj0py1N48jFnqe4rA,2023-03-25,0
225,pata nhi kyu per mujhe ye ladki sakal se e nasheri lagti hai,Facts_ki_duniya,UCK2pffTyF_2f8EhA9E3EAJw,2023-03-25,0
226,Its not just kisses its much more <br>Samaj rahe hoğŸ˜‚,aadil mushtaq,UCifnL6L0ZM5Vm1IcIUjLdJg,2023-03-25,0
227,Fake sex expert,Shubham Awasthi,UCvI1UTlEUcYSzk11LXctYOQ,2023-03-25,0
228,Lekin server ki wajah se aatak phir ğŸ˜…ğŸ˜…,mohit rajput,UC0rYSmoICm28cggB0Wi4mgw,2023-03-25,1
229,Nahi mam baki toh thik hai Chinese Jo mrji invent krte hai.. but AAP kyu advertising ke rahe ho,Swarnjit Singh,UCGzmlk6p5g5HCt2sccSuVhQ,2023-03-25,0
230,Single bande be like lena padega,FM STORIES,UCCn4ifelMddjFOSd5KauDdw,2023-03-25,0
231,Mujhe apko kissi karna hain didi ğŸ˜…ğŸ˜Š,Subhankar Mishra,UCQvr7s4uA_si8gkDHaDcE6Q,2023-03-25,0
232,Tujhe ....subscribe nhi ...tujhe pyaar chachiye ..wo mai dunga. ..<br>I love yyou ğŸ¤¤ğŸ¤¤ğŸ¤¤ğŸ”¥ğŸ”¥ğŸ”¥,Ashneer shark / X Tiktoker ğŸ’¯,UCDJM3txSIszjhjawapES83A,2023-03-25,0
233,Save that guy at any cost,Deeraj Singh,UC7lfwHnjS_kmZCe4ojoKZoA,2023-03-24,0
234,"But,but,but .I want to ğŸ’‹ğŸ˜˜ kiss you,ooppps sorry not you on your sexy lips ğŸ‘„ğŸ‘„ğŸ˜…ğŸ˜‚ğŸ˜‚ğŸ˜‚â¤.",Rahul Facts 2.0,UC_TW0amfE6H4VaDAnic_6Kw,2023-03-24,1
235,Fir imran hasmi kya karega ğŸ˜‚ğŸ˜‚ğŸ˜‚,Arkesh SHORTS,UCkC2eL-GzaRuAqcdR4_kSWg,2023-03-24,0
236,Tum ko ek dildo chaiye ğŸ˜‚ğŸ˜‚,Jhon Khadka,UC_pINOH9ozFwW75aKi7zgsw,2023-03-24,0
237,Mujhe laga ki apko bhi ek kissing device chahiye,possible 1,UCqE1AZ9DXoqcsPEqsME-jeA,2023-03-24,0
238,Phir main Tumhe b kiss kr Sakta hu ğŸ˜‚ğŸ˜˜,Zakir Lashkar,UCEqrTNAR-FQxJmL7VLX6zNw,2023-03-24,0
239,Mai bi janta ho apko kia chahye.  Fake land ğŸ¥’,Jin gaming,UCCUCLcprjEdf5GI192Cy6Nw,2023-03-24,0
240,Kya chaiye re tere ko,Sahiram Dorata,UC_l-nIasIQsTJ5iyvXxElCg,2023-03-24,0
241,kisi ko bhi kiss kar sakte hai ğŸ¤” to me ek baat soch Raha tha ğŸ˜‚,@nitinsuradkar,UCYIgV6VqL4vBB44JUGxArxw,2023-03-24,0
242,Russia bhi?ğŸ˜‚,Akshit Bisht,UC0TzxqJeLy_HvgIzGKCMJuQ,2023-03-24,0
243,Paagal hai tu,Deep Deep Deep,UC9u-GUiBcui6ae7ywEHEaoQ,2023-03-23,0
244,â¤â¤,MAAP,UChmdkMU3Lfju8fHCQhGpONA,2023-03-23,0
245,kya chutiyapa hai,know about anything,UCrpujdCTe8_AWqlMXQuyRUw,2023-03-23,0
246,Muh band kar MKL,Fitness Freak,UCIOPgOv_OyujaW_XHqJYQeA,2023-03-23,1
247,Yr tmy dekh kr mujhe mare ex yaad ajti hâ¤ğŸ˜‚,Shaani Shahan,UCUfObVtlq2bfAEJn93-CUFw,2023-03-22,0
248,Sanatani ldkiya,Shankar Kumar,UCPyn_h-q_evTk1n9EYLKatA,2023-03-22,0
249,Mam bj de sakte hai kya<br><br>Pls answer,Mr DARK,UChJkVWlrdo2OXPqNLISP4wA,2023-03-22,0
250,Thanks for mentioning assam...,dizita_artist,UCZXovgte1qUtlZ6aSjdZv6w,2023-03-21,0
251,Mere ko pata hai tumko kya chahie,respect 999+,UCbVQcT1KaV-EkUxzYtuXXNg,2023-03-21,0
252,Asssam included ğŸ˜‚ğŸ˜‚ love from assam â¤,Hrithik,UCTe2zUF1GbyWdPdJwWUsz6Q,2023-03-20,1
253,ğŸ˜š,Muhammad Shahrukh,UCMYdY_iLnpFdrXVDgMF1dUg,2023-03-20,0
254,Apne Log Multi talented hai 1 chij se 10 kaam karte hai to isse bhi 10 kaam kiya jayega ğŸ’€ğŸ’€ğŸ’€,RÃ¢jvÃ¨Ã©r singh,UCif7w6vIg_AlQPx4AKbvjJw,2023-03-20,1
255,Ye ladki mu se hi tharki lagti haiğŸ’€ğŸ’€,deadpool photography,UC0MZ3GppMWE7wwcBBy6jq5w,2023-03-19,0
256,3000 Dene se badhiya 6000 dedu,IQ MXPRO,UCTu8AagujCHLL38Kz5T6f1g,2023-03-19,0
257,Humko bhi pata ha ap kya chahati ho ğŸ˜‚ğŸ˜‚ğŸ˜‚ğŸ˜‚ ak subscribe ya dher sare log apke channel ko nhi apko subscribe kare jor jor se ğŸ˜‚ğŸ˜‚ğŸ˜‚,Mratunjay Tiwari,UCY94kxz-n1G6Oo7cp66HEuQ,2023-03-19,0
258,Good news,Shivam Singh,UCRpgx7W4cnBIB0xt12-HdgA,2023-03-19,0
259,Ap b instragram pe me ho or kya apke pass b ye device h?,cOmeDyFun,UCcqJQSwSpO9j2VMrC4i9LZQ,2023-03-19,0
260,Link nhi hai,Toxic gaming pb,UC2aikLPM_5Gaaz2YvkQfBtQ,2023-03-19,0
261,hum tumko he letayenge khatiya pe,Sarthak Dash,UCXzavlxeKz7eARpXklDM0Mw,2023-03-19,0
262,ğŸ˜…ğŸ˜…ğŸ˜…,Arpit chandra,UCVJaBX0zncEe6i35WuW-bAQ,2023-03-19,0
263,Ye loğŸ–ï¸ğŸ–ï¸ğŸ–ï¸ğŸ–ï¸,PAKISTANI,UCqKANsGtrp4lY1BcHvyLsFQ,2023-03-18,0
264,Maam ma ap KO kissi karuga OK thank u maam,Ahsan Mohsin,UCwO3R_zmJ-xBvRQT5rez_UA,2023-03-18,0
265,Vase koi garentee nahi sab kissing ke liye use kare,Raj Kamal,UC_IMask1FmJJIHvJ58CVwAw,2023-03-18,0
266,3000*2 <br>ğŸ˜ğŸŒšğŸŒš,MAHATAM SINGH,UC2mQdwRSjPh8-mJIan4gJeQ,2023-03-18,0
267,SOS ğŸ˜‚ğŸ˜‚ğŸ˜‚,YAMRAJ GAMER,UC4RqZu-Zn8Jet0c1Sz2oTSg,2023-03-18,0
268,DildoğŸ˜‚,NIHAR RANJAN (DR AIIMS),UCNjhOGQZ8aIty0nws-Si5Gg,2023-03-18,0
269,Tere ko kiss Lena hai kya,advantures time,UCaZj0qV4vLe-zT5RZTjlkMA,2023-03-18,0
270,Kya chutiyapa h,Sunaina Rana,UC4ch92x7oorA6QSI7E_NM_Q,2023-03-18,0
271,Tu kyu itni jealous feel kr rahi ho ?,Abhilash AB,UCDuvYhjkBGkl1Ve8TcoTa4w,2023-03-17,0
272,Reminds me of Raj and Howard. Hahah,Kunal Joshi Music,UCVuACX-Hs6IwbRy0zEus0Gg,2023-03-17,0
273,If I had a â‚¹3000 i would have spent a night with a girl ğŸ—¿,Mamatha Ramesh,UCGcCoJ4MQB7C7x6nMsFnhtw,2023-03-17,0
274,Kya to naam rakha hai channel ka,Sharda dongre,UCmAASoTTGCU2o2kRTwR0FEQ,2023-03-16,0
275,So cringe content,Saurabh Valmiki,UCmJYPeeruqZKCKJ00EHNJpA,2023-03-16,0
276,mai aapko ye device courier kar rha hoon ğŸ˜… ek mere paas h,Aditya Anand,UCf_5XWsCr-ZirV_zmsB972g,2023-03-16,0
277,ğŸ‘½Get ready for F*ck device gaiass,psycho,UCyOuRlhqIoxGIPr7AE7R9-w,2023-03-16,0
278,You forgot s@x doll ğŸ—¿,Bambhaniya Nitin,UCS_nSvSh7f7UWmuWGthQCkw,2023-03-16,1
279,Pehli baar china ne kuch aacha invent kiya ğŸ˜‚raat me bahot kaam aayegAâ˜ ï¸ğŸŒ,Bakchodi pedia Nepal,UCGciXnUCXE-EU1qxFFN-NCg,2023-03-16,0
280,"Kal roast release hoga es ma&#39;am pr mere es channel pr , stay tuned",Torture By Shayan.,UC2kOPWIh0VqEM-GWiPzIXOA,2023-03-16,2
281,"@Braveheart Bri don&#39;t worry New CEO OF YOUTUBE GAVE US FREEDOM, RAHI BAT COMMENT HIDE KI WO VIDEO KHUD LOGO KO BATA DI GI KIA PEACE UPLOAD HOGA,ğŸ’•",Torture By Shayan.,UC2kOPWIh0VqEM-GWiPzIXOA,2023-03-16,1
282,Bro your comment got hidden I cannot se it but when I touched your profile I was able to see you wrote corn corn corn.... Dhyan rakh bhai these things can limit your reach to others. Snowflake generation mei reh rahe hain hum kuch bhi cancel ho sakta hai aaj kal. Subscribed you though.,Braveheart,UCYNvm-YkXLTO99wHhY_zzVQ,2023-03-16,1
283,@Braveheart Bhai porn porn pron boht ayega dekhna ğŸ˜‚ğŸ˜‚,Torture By Shayan.,UC2kOPWIh0VqEM-GWiPzIXOA,2023-03-16,0
284,"Haha.I am sure it&#39;ll have a lot of chex chex chex, orgsm, chex, orgsmğŸ˜‚. Will be watching thoughğŸ˜‚",Braveheart,UCYNvm-YkXLTO99wHhY_zzVQ,2023-03-16,1
285,Bs kis k liye hi h ky ğŸ˜‚,Tisha Agrawal,UC9nVfiRzO-IEsJ1781tQgdg,2023-03-15,0
286,I will kiss you baby,MT BITTU GAMING,UCcjPIbo8Bprn_hTXUdsL1IQ,2023-03-15,0
287,Bhai merpe toh nokia 3310 hai uspe chalega kya,Sairaj 93,UCvK4EyNWXdFP1Bt-tc3eOiw,2023-03-15,2
288,matlab tu nokia pe youtube chala raha hai gan*u,Milan Paul,UCYAnjorbdKOgxvDa2Y86-dQ,2023-03-16,0
289,Aise ghapa ghap karne ka tarika invent karo yaar ğŸ˜,Bussinessman Dom,UCejEc2lXSVsxxsUIWqKTGQg,2023-03-15,0
290,After seeing this video .. legends searching for kissing device on Amazon ğŸ˜‚ğŸ˜‚,K.R vines,UCQ9_qBeQz8760Wn_fCCRajQ,2023-03-15,2
291,Sala 3k me to ek jinda ladki aa jayengi ğŸ’€,Brawl Gaming,UCVGGtj6-2X6-mLlRvkBBcFw,2023-03-15,1
292,She looks old in this video,wonderfullife,UC9HXEJKv8uwOP1EXx7FZt2g,2023-03-15,0
293,Or mera kya,memes_club,UCvYNINckR9udZtAoHFWZKyg,2023-03-14,0
294,ha hum jante hai aapko kya chahiyeğŸŒš,dipak gavhane,UCtAxVTHInUMxAivuDB-RrMw,2023-03-14,0
295,3000 ğŸ’´ ya 3000 USD??ğŸ˜‚,ThundeR 79,UCSH7zDCvHon_F36Tfltlg7Q,2023-03-14,0
296,Yaha ladka log pani puni kya kya kar dere inhe pta lag gya na Chinese walo ko toh ye duniya se pare bhag jayege ğŸ˜‚,Goku,UC7xL43MMioI4jAxEyM9sG7Q,2023-03-14,1
297,600 me toh bs chuch kro,Dev Sharma,UCKnhox4vcrjfog_nRQuwh_Q,2023-03-14,0
298,Virat be like : Tera to game bajana padega kisne touctkia usko m*<b>**</b>,shoaibpathaan,UCAxhZ9Oc2pXNXKLhhvU2ldg,2023-03-14,0
299,India ğŸ˜ğŸ¤£ Ye Kiss Ke liye nhi pr kuch or Kaam Aayga <br>To batai ye bhaio. Kya kaam hogağŸ¤­ğŸ˜‚,Raj Dataniya,UCFs2L1KMFcMDW7knKB4rQBA,2023-03-14,0
300,Fir hudai ka kya,Nikhil Patidar,UCQjzfbTzVQUBju9XIfTdgNQ,2023-03-14,0
301,Abe 3000 metho rasu**n miljayega re,Rajshekar.s Siddaraju,UCLe18njaSV3jGuDw25AqjjA,2023-03-14,0
302,meanwhile virat kohli: usko kiss kaise kiya mğŸ¤¬,Ashiesh sharmah,UC60A41xHcOBxM3xYtk9HxMQ,2023-03-14,0
303,Bohat purana hai. Bohat pehle dekha hai ğŸ™„,Arkendu Paul,UCJdoAdIUXDGw3o6hAi9HoLg,2023-03-13,0
304,Main isko kharid toh lunga but karunga kyağŸ¥²,Tanmaya Acharya,UCavRTd14U1mxsgvfVydG7-Q,2023-03-13,0
305,Last mai bheeg maang he leti ho ap,kaanphod music,UCZ65xm8f-sYCwrcn_5ypbbg,2023-03-13,0
306,Artificial banana ğŸ¤£ğŸ¤£ğŸ¤£,ToYSQUaD GAMER,UCbe4PEAn1O388m7L7HasBZg,2023-03-13,1
307,I&#39;m desperate to kiss you liplock ğŸ’‹ğŸ’˜,Satyam vlogs,UCGGvkmXW2WXoCmYgEmaBoaQ,2023-03-13,0
308,Best for singles boys and girls ğŸ˜‚ğŸ˜‚ğŸ˜‚,quotes power,UCTaz4jxb9kCnUXe7_N3ZkIg,2023-03-13,0
309,Mujhe lga aapko bhi partner chahiye,Shivam Gupta,UC9ePNWwDZ-HSnOf7yUFco8A,2023-03-13,0
310,no virat kohli is harmed here,Soham Debnath,UCDj70NKCqkDRDkE9-9VSRNw,2023-03-13,1
311,How deep is the mouth? Just for resarch purposes.,AVOCADORABLE,UCG1jQJ1MKOfdfiMM9QLdOVg,2023-03-13,0
312,Nhi kare gye subğŸ˜‚,JASHAN KOKRI,UC64mH3sRfHbD24OHEuPxPzg,2023-03-13,1
313,Computer mode hai kya??,Martial,UCSz7XfVuUUqUc4kPHcr754Q,2023-03-12,0
314,me and who ??,NikhilXD,UCfzR0x0Dl4vI6BeoJSb0W5Q,2023-03-12,0
315,300 me kahi aur na chala jauu,THE DOCTOR GUYğŸ©º,UCX6PD8vOZLRqWs5qmCzL0Iw,2023-03-12,0
316,Mujhe tumhari kiss mileto is device ki jarurat nahi hogi,ayurvaid samadhan,UCdZ52ipuaE7iMQOZi6EUZnQ,2023-03-12,0
317,ğŸ˜ğŸ¤ ğŸ¤ ğŸ˜,Xi Jinping -à¤šà¤¾à¤‡à¤¨à¤¾ à¤µà¤¾à¤²à¥‡ â€¢ 23years ago,UCkZU4DoAfQyDi9RjsufYGwA,2023-03-12,0
318,amazon pe nahi mila kaha milegağŸ¤£,Debajit Dutta,UCcYK7RSWb4lFKmdEfclOusg,2023-03-12,0
319,Kuch din me sex bhi online hoga,prakash thakur,UCN-BHM7I-PEDX7r_IZJJpZw,2023-03-12,0
320,I hope someday long distance wireless sğŸ¤x device would be invented...!!,Sayantan Nath,UCxmWFoHyk0t2_kUWCSuxkdQ,2023-03-12,0
321,Tm aisi baatein kr kr ke hum ldko ko or muthal bna dogi,Pablo Escobar,UCJMy1-4_GP-R02H1U_tuGfw,2023-03-11,0
322,Disclaimer : no Virat Kholi harm in this video ğŸ’€,prem,UCQBVdNWwlODbz18Pi3RFn2w,2023-03-11,1
323,Will it remain upto Horizontal lips ğŸŒš,Suraj Goyal,UCZuEalJ5zDZTYMSXhQlZUFQ,2023-03-11,1
324,ğŸ’€,Nitesh Rao,UCYTAnF5BKc5C8scL9eWug2g,2023-03-15,0
325,Feel a jyegi kya ?,Sagar Kumar,UC4y5vGT-7-lvLUZIwFDIS6Q,2023-03-11,0
326,Made in chinağŸ˜‚ğŸ˜‚ğŸ˜‚ğŸ˜‚ğŸ˜‚ğŸ˜‚ğŸ˜‚ğŸ˜‚ğŸ˜‚ğŸ˜‚,JOKER  08,UCy8fQLdb5T1xjvsIcGphpEg,2023-03-11,0
327,ye sab kya dakhna pad raha h acha h mai single huğŸ˜…,FAISAL,UCTuJDAqJ4PXNp6cnaZib6rA,2023-03-11,1
328,Esa karke ye apne partner se or jyada duri badha rhe h,BSK youtu,UCtYnwiGwk2DFdtoY5e8o5KQ,2023-03-11,0
329,3 Hazaar ki machine 6 hazaar ka partner total 9 hazaar ka kharcha,Sonu Gujjar,UCw1DsiGCskzAqNRnfyaErVg,2023-03-11,0
330,Tumhe kr skta hu kiss ?,GOTUBE,UCAOV7cOXt9tKmGHKYsImgDw,2023-03-10,0
331,You going to be fuc*ked one day.. I am damn sure!,YouTube Bangladesh,UC9vIYga8Cc44uZVT2oaaGGw,2023-03-10,0
332,"<a href=""https://youtube.com/@INFOatIMRAN"">https://youtube.com/@INFOatIMRAN</a>",INFO at IMRAN,UCkytmUNat7quTW_Y-yxd7pQ,2023-03-10,0
333,Does age mater in relationship,ASHOK BOHARA VLOGS,UCKyJF-Hq-m9jJKt9JNa-NBg,2023-03-10,0
334,What happened to your right eye?  You need highly orgasms to cure it ğŸ‘ğŸ‘<br><br>Did any subscriber noticed it?,science's logicâ„¢,UCNu5d9NdTBa05Wdus9GMBTg,2023-03-10,0
335,Are you akhomiya?,Rahul Sinha,UCJq9iO-FudbG3c6GB2JUxvg,2023-03-10,0
336,Blowjob Hoga Kiya?,ERÃ˜N,UC6F59Ik5TqjBGQgnhikKkpw,2023-03-10,0
337,Apko krna h ğŸ¥°ğŸ¥°,Aman,UCkjUufFbKKzrJf4orYISzvg,2023-03-10,0
338,Tume subscribe nahi kuch aur chaiye ğŸ˜‚,Dhairya Rajput,UCkmhf0JSQGMAwgARZE-CvmQ,2023-03-10,0
339,Kiss karte waqt bich me khada hogya toh ğŸ˜‚ğŸ˜‚ğŸ˜‚ğŸ˜‚ğŸ˜‚,Erangel Ka Papa,UCQ8fV7jyQjHhOjHNH_mB14Q,2023-03-10,0
340,Ye device india mai aa gya to khatam kahani. Long distance wale full mood mai ğŸŒš,N O W A Y,UCWMbIpsdqb482Hq4u7NfCcQ,2023-03-10,0
341,Kiss karte waqt agar kisi ne kiss karne ki jagah badal di fir,suhail malik,UChP0RwcPiBlQCGblb1Gb7Sg,2023-03-10,0
342,Na real mast Sundar knaya hi hogi wo aisi faaltu cheez ke liye paisa nhi h mere,Himanshu Yadav 1M,UCo722MuX-NACzBFiJMdwkZg,2023-03-10,0
343,Feel thdi ayega per kiss walağŸ˜‚ğŸ¤£,Savage Greevan,UC8tywrHzDmQmjBUjodbMxbQ,2023-03-10,3
344,Pov= pata nahi yeh kya kya invent karte rehte hai ğŸ˜‚<br>.<br>.<br>.<br>.<br>.<br>Reality=pr fir bhi ham video banayenge,bhadka aashik,UC9QXQi6k7lwDLOCtayOivQw,2023-03-09,0
345,Made in China never Trust. Soon kissing Corona v niklega,STRANGETUBE,UC7UudpNjeBt_jHrZ7saEn8A,2023-03-09,0
346,I see raj and Howard did it way before,Zeke,UCgMEiHabP_ccRCWsnUowpZg,2023-03-09,0
347,It requires gut to spread awareness in the society like India where everyone is being observed and controlled by indian parents.,Shikhar Singh,UCOKSdDA8qPtmcLrrJeM76mQ,2023-03-09,0
348,You need  play toy ğŸ§¸ğŸ˜‰,Tamjid On fire ğŸ”¥,UCngg6hJR2hXfWrzThj_yO5g,2023-03-09,0
349,Instagram Id do apkağŸ˜ğŸ˜ reels dekh kar Kam chalaunga... I&#39;m true&#39;single ğŸ˜‚,Evil King,UCA90WirhPxvl4VqQXpUsOWQ,2023-03-09,0
350,"Are apko dekhke mai fidaa hoo raha hoon ,, hayyy",Sayan Nath,UC0CvlsShPWhTIiUzG5hhw2A,2023-03-09,0
351,Legends knows ğŸŒšğŸ—¿,MAÍœÍ¡IN à¤¨à¤¹à¥€à¤‚ ã‚¸ãƒ»BATAUNGA,UCR3AU7CXvu2GdAM-ncOi3Qg,2023-03-09,0
352,3000 ma or Thora sa milaky bohut siz a jata hai,n_o_v_a_14,UCoOkUqltylxdItN2x9WGAlQ,2023-03-09,0
353,Bhai ab to upr upr se bhi online hoga ğŸ¤£ğŸ¤£ğŸ¤£ğŸ¤£,SHIKARI 2.0,UCTGKoKpG8J3wqGPS0BCFFlw,2023-03-09,0
354,fame k liye kuch,DEWANK GAMING edits,UCYb3yLBJFv8i3pw6qmcAB3A,2023-03-09,0
355,how many singles are watching this? ğŸ˜…,Ace 25,UCkn9houtNt8H8Tg_t5yzC9Q,2023-03-09,1
356,9000 mai ho jayega<br> 3000 device + 6000 partner,Pritam Das 1604,UCSZdMqhpfQpRLA8OtuB2v9Q,2023-03-09,0
357,Assam ğŸª´,ğµğ‘…ğ‘€~à¤­à¤¾à¤¸à¥à¤•à¤°,UCGeNbZzn-80QPPMJ2GUtLPQ,2023-03-09,1
358,ğŸ˜‚ğŸ˜‚ hawasi log lips ko vertical rakh ke aur kuchh karenge,Z,UCAHPPTu-6keRwjvPRnfaoaA,2023-03-09,0
359,Bancho ray william ko bhi copy karne lagi ye ladki,Ayush,UCrPJ7A3MTVf935XsEEe-38Q,2023-03-09,0
360,Hamra ak hi Sahara headphones Mike,AZADARI KI VIDEOS,UCPgOfU6c_mSpvcEnCpSjQcg,2023-03-09,0
361,when she said &quot;but main jaanti hu.. mujhe kya chahiye?...... ek subscribe &quot; ğŸ¤¡ğŸ¤¡ğŸ¤¡( my mind :- &quot; dimag hi ganda hai !&quot;)ğŸŒğŸŒğŸŒ,Gumnaam,UC0pKuR2QvHbLZJvV-_w0VBw,2023-03-09,0
362,Yr tumhari nak ka kata / point face k hisab se sahi lagta hai...are you single,Ravindra Singh Parihar,UCn-3B2xOSJ0JpTDXCvGWiFg,2023-03-09,0
363,You&#39;re pretty ğŸ˜ my god,Masud Rana,UC3OopeuceSw3Gr5QBLoWFIQ,2023-03-09,0
364,"Population toh badha nahi pa rhe chinease, aur kissing devices bana rhe hai, sheeğŸ˜ƒ",Nilesh Dhumal,UCA2xiwGcmJ5ZCiv74Gw7sdA,2023-03-09,0
365,Is video mai itna pass aake baat krne ki kya jarurat thi?<br>I mean bhut pass se frame liya hai is video mai ğŸ˜‚ğŸ˜‚,Aman Sharma,UCtxrBgKudJeq4bi2p1gY38g,2023-03-09,0
366,Oral sex kar sakte hai kya is se?,The Noobs,UCYH8f85MP_6cAgqO89oAUmg,2023-03-09,0
367,Apko kiss karle,Neet,UCQhslFCOOmDkTqjwmwIGPzw,2023-03-09,0
368,Isme or 3000 hajar dalke ek russian leke na aa jau ğŸ˜€,@imsahilsk,UCb0zDii9_m7xhh0C9MGRYKg,2023-03-09,0
369,Wow Social distanceğŸ˜˜Romance,MDxHARDBOY 6.0,UCv5q7zD_RByKkF2FLy9E3Cg,2023-03-09,1
370,ğŸ¤£ğŸ¤£ğŸ¤£ğŸ¤£ğŸ¤£ğŸ¤£ğŸ¤£ğŸ¤£ğŸ¤£ğŸ¤£ğŸ¤£ğŸ¤£ğŸ¤£ğŸ¤£ğŸ¤£ğŸ¤£ğŸ¤£ğŸ¤£ğŸ¤£ğŸ¤£ğŸ¤£ğŸ¤£ğŸ¤£ğŸ¤£ğŸ¤£ğŸ¤£ğŸ¤£ğŸ¤£ğŸ¤£ğŸ¤£ğŸ¤£ğŸ¤£ğŸ¤£ğŸ¤£ğŸ¤£ğŸ¤£ğŸ¤£ğŸ¤£ğŸ¤£ğŸ¤£ğŸ¤£ğŸ¤£ğŸ¤£ğŸ¤£ğŸ¤£ğŸ¤£ğŸ¤£ğŸ¤£ğŸ¤£ğŸ¤£ğŸ¤£ğŸ¤£ğŸ¤£ğŸ¤£ğŸ¤£ğŸ¤£ğŸ¤£ğŸ¤£ğŸ¤£ğŸ¤£ğŸ¤£ğŸ¤£ğŸ¤£ğŸ¤£ğŸ¤£ğŸ¤£ğŸ¤£ğŸ¤£ğŸ¤£ğŸ¤£ğŸ¤£ğŸ¤£ğŸ¤£ğŸ¤£ğŸ¤£,Mgkfulrier,UC15XBwn2EBgC317G1862LzQ,2023-03-09,0
371,The movement she said ik mujhe kya chaiye <br>I thought kiss?<br>My dirty mind ğŸ˜­ğŸ˜‚,Parth ,UC_qem02QmqG164swXCQK_dw,2023-03-09,10
372,Isse land chahiye,Mohinder Sethi,UC_UzRENv5g24ar3gRQZpc5A,2023-04-26,0
373,Mujhe bhi wahi laga thağŸ˜‚ğŸ˜‚ğŸ˜‚,Best Of Bengali Audio Stories,UCx789Y26zA20PQ7k5xq-gIw,2023-03-16,0
374,Chinese nhi Japanese,Your Lover,UCNOL115PvetbeqiS40ix4Dw,2023-03-09,0
375,When internet lags: bae are u even kissing ğŸ’€,Cygnus Exotic,UCg9Mr18l0Tu-jSBUlmFPn7w,2023-03-09,174
376,Russian ajayegi itne me to,RISHI R15,UC4sSPOxUTVglAfS6kwAYgVg,2023-03-09,0
377,Now we have kiss simulator for beginners,rakesh,UC5xSniOGf2KcEXM5Wor0OBw,2023-03-09,0
378,I want a head,Ashutosh Mishra,UCkq5Li-4FaDxPft8wnGjTIg,2023-03-09,0
379,such a useless YouTube channel... sex shiksha kam bhakchodi jyada,Rohit Pandey,UClkbWdGPHNAwcB0R01JW32A,2023-03-08,0
380,Jb is ne kaha (m kya chahti hoon) mujhy lga agy kahy gi dildo ğŸ˜,Affi,UChjNni-D2azIpK1PUjdPORQ,2023-03-08,0
381,Price kitna bhi ho ğŸ¥² partner bhi toh chahiye na,Syed Ahamed,UC_9IEXY93uwqwv-UCZXBQXw,2023-03-08,0
382,U should show this video to ur mom she might be so happy,kim_ai,UCItMtWN17zeDffc_wo0UPUA,2023-03-08,0
383,hahahaha ğŸ˜…ğŸ˜…ğŸ˜…,@AhmadAlikhan,UCBK6i88xvgexMx5lGVyXv7A,2023-05-09,0
384,ğŸ˜ğŸ˜ğŸ˜ğŸ˜,Motivation,UCHoqf2Rnvn1AE9dHn0mBjOQ,2023-03-08,0
385,Lekin pata kaise chalega.. Ki hamari gf hi use kar rahi heğŸ˜.. Wo kisi aur ko pakda de toh?,Nature,UCaUXHS9DV4AfY4Cuhzk7vyQ,2023-03-08,0
386,Aapke facial expressions ko study karne ke bad mujhe samajh mein a gaya hai ki girlfriend ho to aap hi ho â¤ï¸,Dev Op,UCzP66t-kJ-EzoAP33q6yJZw,2023-03-08,1
387,Bc uss k liye partner b chahiye ğŸ¤£<br>Vo kidr se aayega,APNA KAAM KR BHAI,UCcLkbQQ2TwB6pnoqzoaB8Vw,2023-03-08,0
388,Mujhe laga ap description mai link dhoge,SUV Sonic,UCMV1adi3pDg8UA18Kg8kqqw,2023-03-08,2
389,Chimkaandi ğŸ˜‚,Lee Taekwondo,UCTbEgfsJL-Kn-pUShGDLaqg,2023-03-08,0
390,MUJHE SAMEER KE BAT YAD A RHE HAI.... ğŸ˜‚ğŸ˜‚VALENTINE HUTIYAPA.... PHONE PE MUHN KHOLO OYA OYA BOLOğŸ¤£ğŸ˜‚ğŸ¤£ğŸ˜‚ğŸ¤£ğŸ¤£,INVINCIBLE,UCTwA--x76g33HdrBJKFlHqg,2023-03-08,1
391,Wednesday addams ğŸ˜†,prajwal gamer,UCEkBadophblJvcIgOV6yQvA,2023-03-08,2
392,I thought the same,Praneeth,UCysSB3qXvfz1L31KjyIiCbQ,2023-03-08,0
393,ğŸ¤£ğŸ¤£ğŸ¤£ğŸ¤£ğŸ¤£,Rudra Sinha,UCHflnNqmTOBGz05oBi4mJcw,2023-03-08,0
394,Bas online sex ki nobat na aa jaye aur sperm storage v connected hoğŸ¤£ğŸ¤£,Sunil Behera,UCwI5S53qEr7wR5Ilq9qU3sQ,2023-03-08,0
395,Kis kis ko pata h ki in Chinese ka next invention kya hoga ğŸ‘ğŸ‘ğŸ‘ğŸ˜€ğŸ˜‚ğŸ˜‚ğŸ˜‚ğŸ˜‚,fasttak,UCOe5XPA00WPvzldTwKLMk2Q,2023-03-08,0
396,The kissing device is not made for kiss,Fake Aniket,UCCl0Pw3NK2n0mZTGgV-b5hQ,2023-03-08,0
397,You giving bullshit information and brainwashing the current young ones rather then wait for loved ones for worth love making time,Narinder rana,UCp3KuD-8GeoukWIj5iTgJ7Q,2023-03-08,0
398,Bahut beautiful ho naam kya koi Jaan sakta hun,Fitwithneer,UCLhXdh3Hlam-bTNaZTBG3HQ,2023-03-08,0
399,Kya mouth mai hole hoga?ğŸ«£,Dhruv Jha,UCnX4vbflKUreh26hz_1uLng,2023-03-08,0
400,Tereko kya chahiya sab ko pata hai ğŸ˜‚ğŸ˜‚,NaamMeKyaRakhaHai,UCvDkkRAu7kQ5fA_KiMTc3hw,2023-03-08,0
401,Subscribe mt Krna,sarvesh,UC5sS6yIwpyYWGnVglQEliVQ,2023-03-08,0
402,Ye same cheez 150 mai bana dungağŸŒ,DIVYAM PANDEY ğŸ‡®ğŸ‡³,UCAKrmvkaKyGhbGtLUdZnwLw,2023-03-08,0
403,ğŸ˜…,UPAL BAROT,UCRfdTLYOEZG0CWGxPtZeF-A,2023-03-08,0
404,&quot;Kissi &quot;<br>ğŸ˜‚ğŸ˜‚ğŸ˜‚ğŸ˜‚ğŸ˜‚ğŸ˜‚ğŸ˜‚,JAIPREET Singh,UCTnaQUyYeKtMHU4b_dHWXwg,2023-03-08,0
405,toh karo downloadğŸŒğŸŒ,Game Changer,UCnDjdYNsnfj14iQ0sIOuJZQ,2023-03-08,0
406,Aaj lips invent kre hai horizontal Wale kal lulli aur vertical lips bhi invent hoga ğŸ¤£ğŸ¤£ğŸ¤£ğŸ¤£ğŸ¤£ğŸ¤£yha sei dalo vha tumhare partner ko feel hoga ğŸŒšğŸŒšğŸŒšğŸŒšğŸ’€,jason edits,UC3LGiYn2vqckrfwrZLqTTVg,2023-03-08,0
407,3000 meh to russian mil jayegi,Subham Jain,UCXF2Jlrek5WRX2vMPyocGVw,2023-03-08,1
408,"At the end when she said, &quot;main janti mereko kya chahiye&quot;. I really thought something else as the topic to the short was very similar to that. Don&#39;t tell me you didn&#39;t understand what here I&#39;m talking about ğŸ˜œ",Mukunda Mhasalkar,UCwQr7UfDAspMPFAMHCzKuZg,2023-03-08,1
409,Aap ko kaise kiss kar sakte hain,Abhishek Mishra,UCQcK2mF7F3baD-zxWMFAOcg,2023-03-08,0
410,Lol ğŸ¤£ğŸ¤£ğŸ¤£,Peaceful Pratik,UCZlO4EC4EZ7S2fLunpLSbEA,2023-03-08,0
411,girlfriend ka bhi avishkar kar do please,Hirdyanath Kkr,UCyUy0SmxdSIEMjNZwWkDUfQ,2023-03-08,0
412,Kiss to bass bahana hai hume to chuswana hai,TheJoker,UCxeljJ4F1mOtL6u3nP8RpvA,2023-03-08,0
413,E apne maa baap ke samne ye bolna tto,Arjuna Kartik,UCoJj8npcSs5NdRqBeWR9mEA,2023-03-08,0
414,yaaaar kitni awasome hai yeh @,zeusrules,UCOGTIGv9BS_72b3JrkVM8TA,2023-03-08,0
415,Nhi krunga subscribe,ğŸ™‚kakuzu,UCEJCVhevUTh4IwzJTEY2efg,2023-03-08,0
416,Horizontal kip ko vertical krke kiss krenge,robin,UCipVToaqXpkvXFc_09PnIAA,2023-03-08,0
417,Itane me to Russian aa jayegiğŸ˜,Himanshu Kushwaha,UCddGwFphMEKmzA-YrKlQ1EQ,2023-03-08,0
418,After nibba nibbi watching this ğŸ’€ <br><br><br><br><br>Baby apko ak gift dena tha ğŸ˜†,PIYUZ,UCzLtlqyCSx5eJ-GRY4VCbtQ,2023-03-08,8
419,Mko pta hai apko khy chiya ğŸ˜,rank X yt,UCXuKlh6QReFnNHKtU0Byr2w,2023-03-07,0
420,But i need the original one ğŸ˜¢,GAMING WITH. pankaj,UCilc-VVwjJ4w1i3IxAaXGEA,2023-03-07,1
421,Chaliye product ka review karte hai .ğŸ¤£ğŸ¤£,Anish Das,UCODoWQMTN_kTwh8IeZz1xbA,2023-03-07,3
422,apne ko kya apan to single hai red light pe ruk jate hai,akshat Kumar,UC8AjT2X7iCL3XUe_xqUZHLA,2023-03-07,0
423,kya yeh device blowjob desakta hai kya,football express,UCaY2ArX7fwTkygin0ge8Thw,2023-03-07,0
424,Aur 3 hazar add krke to Russian ğŸ˜‚ğŸ˜‚,Taufiq Khan,UCpz-oZ9QeMkWTgqn73aIk6g,2023-03-07,0
425,Can we..?<br>I really like youâ¤ï¸<br>Mujhe ni pta prr tumko dekh ke acha lgta hhğŸ™‚,Yash,UCmcivgZXxqYsxyugBDm6f9A,2023-03-07,1
426,3000 something ğŸ˜‘,Abhi bas yahi kafhi haiğŸ˜š,UCfIeXlxkVr_m34ty9dJuWng,2023-03-07,0
427,@Sex Shiksha agr koi boys ekdum se masturbation quit kr de to ky hoga???,Ancient Review,UC-C2tfBeRM8PnIJfXdKfXXA,2023-03-07,0
428,@Ancient Review bhai mere ek dost saath hogaya ..usko phir hijzde utha ka le gaya isse isslye Tera bhi soch kar ro Raha hoon ğŸ˜­ğŸ˜­ğŸ˜€,Boa Toa,UCu8RqsmMIPIOEjmMrWMIXtw,2023-03-14,1
429,@Boa Toa bhai lagta hai apke sath ho chuka hai isliye roo rhe hoâ˜ºï¸,Ancient Review,UC-C2tfBeRM8PnIJfXdKfXXA,2023-03-14,0
430,Phir Tera chota ho jayega ğŸŒ roz 1 inch phir gayab hamesha ke liye ğŸ˜­,Boa Toa,UCu8RqsmMIPIOEjmMrWMIXtw,2023-03-09,1
431,@Sex Shiksha agr koi boy masturbation quit kr de to ky hoga???,Ancient Review,UC-C2tfBeRM8PnIJfXdKfXXA,2023-03-07,0
432,Night fall ğŸ¤£,Nitesh Rao,UCYTAnF5BKc5C8scL9eWug2g,2023-03-15,1
433,Mar jayga ğŸ˜‚ğŸ˜‚ğŸ˜‚,abhishek gautam,UCTqmShaSPkRPzbWBm5jevIg,2023-03-15,0
434,The Boys: &quot;Tumko bhiğŸ˜‰&quot;,Stark,UC4od4ZJgg--dCnUCcjlc1sA,2023-03-07,0
435,Uh this world is getting sussy nowadays,Helpful Teen,UCSMb1byyWlDm_Yx3Apka_gw,2023-03-07,0
436,Apko patane ke liye kya karna hoga wo bhi bata doğŸ˜‚â¤,Harsh Ashu,UCaNbJZKrCL-Yh-CZ1A3sNwg,2023-03-07,0
437,ğŸ‘ï¸ğŸ‘ï¸kal toh tum didi bol raha tha ğŸ˜­ğŸ˜‚ğŸ˜­ğŸ˜‚ğŸ˜­,-Arya,UC6qbSQ-fDSOTIZ11y1ojupg,2023-03-07,0
438,Or aap,Bhavesh Kumar Baghel,UCT0RjwVn4GlZGfxXTHGDdZA,2023-03-07,0
439,Iske liye partner hola jaruri hai kya ğŸ’€,GSGxSayan,UCNfBtgm3RszqQTCcQpVH5nw,2023-03-07,0
440,Muja thum chaiea,pnot,UCQm2_8SCCOkOLNOMG6NL5Qw,2023-03-07,0
441,Kya mtlb machine to aa gyi pr bandi nhiğŸ˜‚ğŸ¤£,DEVANG,UCTYA5iUTqFGVPh1TYOJV0_g,2023-03-07,0
442,Kiss ke naam par bhi DHOKHA....,Neeraj Sharma,UCkAygcY1RK4CpSKNFnUwYhQ,2023-03-07,1
443,aab toh kiss k bahane bj ğŸ˜,Suvash Yadav,UC1d0JW06DS-6cUcatKhsyZQ,2023-03-07,0
444,Hhhhhh nice shiksha,Harman Shimar,UCvxg0bWdRiljCygiDl6hwHA,2023-03-07,2
445,Aur ap jante ho muje kya chaiye,Nikk,UCNaYyeP2beVeNAXPOZhzvvQ,2023-03-07,0
446,Mam I have questions Sanitary pads how many usefull for girls . I am boy but interested to Knowing this question Answer because many companies using palstic to make more pads,Harsh verma,UCWg9-nO_XPmRyvcz9Lu7P5g,2023-03-07,0
447,Don&#39;t promote Chinese products. bhailog 3000 mai Gb road chle jaoge 3 din,ONLYGOÃ˜DVIBES,UCaJSaEOVPrlhSIWpZugHfCg,2023-03-07,0
448,Main subscribe nahi kar sakta senorita<br>Kuch pane ke liye kuch khona padta hai<br>ğŸ˜ğŸ¤”,Gajanan Pachankar,UCwj6isQ7v6rFAO-2nClEpOQ,2023-03-07,0
449,"Meri ek baat suno please padh lena, tum jaake manthanhub naam ke channel ka video dekho kafi saari videos hai. upar se niche tak sab dekh jao.<br><br>ushke baad tumhe pata chalega ki yeh science galat hai. dekho videos banao but <br>thoda scientific. aaj kal har baat pe scientic laga dete hain",Khiladi786,UCwq3XdZ8XuegJvvsFOaBlzA,2023-03-07,0
450,I think this Idea is Revolution !,Ankush Athawale,UC2G_5sToiYP-yKNwRZxD_nA,2023-03-07,0
451,Product ka  review kab hoga ğŸ™„,RESPECT,UC_QYkj_LBsYirCd6M_ix06g,2023-03-07,5
452,Ab yahi ek Rasta bacha hai,Pratik,UCBfmY_cmAo19tpZBJqrby7g,2023-03-07,0
453,Ladkiya ni kharidnae wali  ğŸ˜‚ğŸ˜‚ğŸ˜‚ ladko ka pta nhi pr ladkiyo ke liye easily boy available h itna b sukha ni chl raha ladko ka ki gadgets kharidna padhe,ac,UC27dob8sdPuIBATDJSvh4EA,2023-03-07,0
454,Channel ka name itna churiyaaa jesa kyu rakha madam nah chakr bhi har insan apko ghanda hi bolega is channel ka name sunkar,BGMI,UCHRXfclE4BkZNHY4swGqM_w,2023-03-07,0
455,It seems that it does have many uses ğŸ˜Œ,D'EVIL GAMING,UCMglD5HORmACPuF_aV5RQSA,2023-03-07,1
456,Are aap virgin ho ya nahi,Krishna Upadhyay,UCoh5EPz5loECFF1-TysKGXA,2023-03-07,0
457,"Ye gyann humare kisi kaam ka nhi ğŸ˜‚ğŸ˜‚ğŸ˜‚<a href=""http://www.youtube.com/results?search_query=%23single"">#single</a>",J.K Sharma,UCy092GF_RjH0w26xsSAiP_A,2023-03-07,0
458,"So i already have basic knowledge about these things . But i still watch the channel because of shrutika , you are my new crush . Would like to date u some day ğŸ˜‚ .",Kakashi Beyond God,UC436UVnH6vpDx9VJ9A_Gl4Q,2023-03-07,0
459,3000 ke device sa accha ğŸ˜‚ğŸ˜‚ 1000 ka 3 shot le lunga,Fashion boy,UCubPP6e1UdOTGKzDD6JRyzw,2023-03-07,0
460,There are more good things in the world we can talk about!,wildrespect .100M views,UCpA5NHxHa_l6qEceJpCiOng,2023-03-07,0
461,Or merko relationship cahhea apka sath â¤ï¸,Anudeep Singh,UCrLUiCeiyMFvdUWntyehavQ,2023-03-07,0
462,Hamare Ghar Wale Anumati Nhi Denge ğŸ¤£ğŸ¤£ğŸ¤£,Random Shorts,UCbAWqgpBibRKphS_ZvLW6Sw,2023-03-07,8
463,ğŸ˜‚ğŸ˜‚,SUHAAN_____________â˜¦ï¸,UChEDvBBg9-xPNf0LRHC8nCw,2023-03-30,0
464,Ye pÃ ta tha,Mr. Unq,UCy-AZT_wVlGtZYMrAJwC7uQ,2023-03-07,0
465,Weird....,Partho Maity,UCCzoU4LQehEQTb4vMaALp6A,2023-03-07,0
466,Sir 3000...lgta h didi ko bhut sponsor mil rhe h..... <br>Yha 500me pura hole mil rha h wo v nhi le pa rha hu,world biography,UCvzhaH7dAgA237lIsgKj3EA,2023-03-07,0
467,isme 3k or milake me russian bula lunga ğŸ˜‚,GW DEEPAK,UC5XZ_YZ8I_GevgMhCECxzuQ,2023-03-07,0
468,You came in my dream,Kk kush bhai,UCTXg-PGRYHOUd5J0iQrRP_w,2023-03-07,0
469,iss ladkiyon ko dekh ke lagta hai...roj swx kar karke....kupusan ka sikar hogaye hğŸ˜…ğŸ˜…,danilsnayakp,UCaE46l1dBIgglnlJHjiW3Ng,2023-03-07,1
470,Kiss krne ke liye koi honi to chahiye na,ANURAG KA MAAL ğŸ˜’,UC8jBdGnq6rETGDrbeic2OJQ,2023-03-07,1
471,Yeh to kissing ke liye use Nehi hoga ji.... samajhdaar log samajh gaye honge,aby heek,UCynIoYBpjMzXjU7JcuarRiA,2023-03-07,0
472,3000 me to easily ek Russian aa jayegi ....isko leke kya karu,shubham,UCRteY3bOk_v_t2b7AWG7_kw,2023-03-07,0
473,La partner de meko...ğŸ™‚,Loner Guy,UC6UcUQ_QfeNUzl18KT2kdlQ,2023-03-07,0
474,Next step to invent online sex machine,Akshay,UCXhIxwqFSEcZVy7cX1GQNAg,2023-03-07,0
475,Kaash main aur tum yeh device use kar sakhte theğŸ¤­,Dibakar_007_,UC5BqrwlGFYPPcKWyJK3TxNA,2023-03-07,0
476,Shukr Hai condom China Mein Nahin banaa..ğŸ˜®â€ğŸ’¨<br>Vaise didi kissi wissi chahie hoga to phone kijiega.. ğŸ™„,Myank Das,UCldxkv5GXpEmghrc4wQDpdg,2023-03-07,0
477,Kiss ke liye ladki chahiye wo bhi zinda chahiye ğŸ˜…ğŸ˜…,Ashish,UCuQSB6hVbPdRY1N5PRHwtHg,2023-03-07,0
478,à¤¤à¥à¤®à¥à¤¹à¤¾à¤°à¥‡ à¤¹à¥‹à¤‚à¤  à¤•à¤¾ à¤œà¤¾à¤Šà¤‚ à¤®à¥ˆà¤‚ à¤¤à¥‹ à¤‡à¤¤à¤¨à¥‡ à¤ªà¥à¤¯à¤¾à¤°à¥‡ à¤¹à¥ˆà¤‚,sameer lala,UCyPUIZZ9jWLtvuHoE4__-Lw,2023-03-07,0
479,But deep inside we all know we want sucking deviceğŸ˜Š,orbit_rit,UC0ZMcMCGlAO1C3NiQEk3whg,2023-03-07,0
480,I have already ordered one ğŸ™‹â€â™‚ï¸ğŸ™‹â€â™‚ï¸ğŸ™‹â€â™‚ï¸,sharath k.m,UCUeLUDE5qfJBUjhxIX9ib0A,2023-03-07,0
481,Listen buy a s*x doll if don&#39;t have a partner,Hanaan Ashraf,UCMfXcWlnHqLRg4Hc1RMrfUQ,2023-03-07,1
482,Ajao try krte hai ğŸ¥¹,Sharma supremacyâ€™s,UCjbpDvfUQkseEfoFaLmTtFg,2023-03-07,0
483,6000 mei toh Russian aa jati,Emmanuel David,UC8yQqt_Tjs2CLTvluPqBbaA,2023-03-07,0
484,Op,Mukul sharma,UCmyHvfnPVEX1foPWG_JjbaQ,2023-03-07,0
485,Apko Jo chahiye wo toh Maine apke ke phele hi kar diya,Rishabh Mishra,UCSf4QPOtXeZQdnhWmVBAAlA,2023-03-07,0
486,Teri Chuu....... Dunia ki sabse bhaddi gandi dekhne wali ... Chuuu... Hogi kasam se... I can imagine by your face .. ğŸ˜€,Jafar Coding,UC8naieicUggf15jeMbGoWAg,2023-03-07,0
487,Love frm ASSAM ğŸ’•,Bishal Saha,UCXjQjYoL4b8Mnk4xM_8GthA,2023-03-07,0
488,Pehli baar kisi influencer ne Assam ko bhi mention Kiya âœ¨ğŸ¥ºlob u didi,REELATABLE  EDiTS,UCNm4IZsLi8bjqJNvF8aI19Q,2023-03-07,49
489,â¤,Rituparna Saikia,UC4cYIvr3FAFugBn1NiMFAcg,2023-04-21,0
490,Hm ğŸ¥²ğŸ”¥â¤ï¸,AXOM VLN,UCMdHN-bXQBOi6cyyrF4ixtg,2023-03-14,1
491,@ABHI PRATAP Singh ğŸ¥ºğŸ¥ºâœ¨âœ¨,REELATABLE  EDiTS,UCNm4IZsLi8bjqJNvF8aI19Q,2023-03-09,3
492,Exactly ğŸ¥ºğŸ¥º Joi Axam,ABHI PRATAP Singh,UCAaqGufi9zYK1tsMRaGxhgg,2023-03-09,5
493,"Didi ruk jaao Yaar , Bhagwan Upar Hunter maarega . Bhagwan se daro Thoda....",MohMayaa,UCmQAhScXqSoiC7PFkkBI4Fg,2023-03-07,0
494,App nasha karte ho na mujhe to app charsi lag rhe ho or dikhti bhi ho ganjediğŸ™,Rituraj,UC7TUuNMH_AJPHukEc8HP4Ig,2023-03-07,0
495,kissiğŸ¤£,Music,UCOGAT6YSQN8q8youPoOCnEQ,2023-03-07,0
496,Pahli experiment aap pe karenge log ğŸ˜‚,Gopal Singar,UCEEZzmdC6sz0FFzByYCRA6A,2023-03-07,1
497,Please upload video on sexual health care thing because in market there is so many misleading video...,Priyesh Jha,UCETjH_mfn3IJG7WWBlldfPg,2023-03-07,0
498,Oh hell nah wtf man ğŸ¤•ğŸ¤•ğŸ¤’,Prolly stickman,UC51xDYEHbWm-Ws3k4l6Id9Q,2023-03-07,0
499,1. Partner Nhi hai<br>2.Paise bhi nhi hai,Surya,UCxLmlLnytERSzNX0edDTSCA,2023-03-07,0
500,"Ese hi ek Machine <a href=""http://www.youtube.com/results?search_query=%23sex"">#Sex</a> ke liye bhi mangta Bharat....ğŸ’€â˜ ï¸",Vikas Chandel,UCpK6WniN9WXvx6lzOavND2g,2023-03-07,0
501,Baki mai Janta hu aapko kya chahiye.  ğŸ˜ƒğŸ˜„ğŸ˜„ğŸ˜ƒğŸ˜€,Nitesh Kumar,UCSfxEG72mzAoItWMvOdZyTA,2023-03-07,0
502,Kisi ko vi kiss ker sakte hou <br>Me :ğŸ˜,ARBIN SARKAR,UCvAcrIvvERBdYV3Y45jxphg,2023-03-07,0
503,Kya aap dono bhi Ek Dusre ko orgasm kar Te ho,AYUSH TYAGI,UC7YUkdP_XHOWOsSuo_cayhw,2023-03-07,0
504,It&#39;s called online kissing ğŸ˜‚ğŸ˜‚,PBX OFFICIAL,UCVFVxAtZsbrxuB-mVkzzHvw,2023-03-07,2
505,Waah !!! Sab kuch online kardo. Bas ab yahi dekhna baki tha ğŸ¤¦ğŸ»â€â™€ï¸ğŸ¤¦ğŸ»â€â™€ï¸ğŸ¤¦ğŸ»â€â™€ï¸,Rushi,UCWLHV7bfwEWaNpX5hQ_KLgQ,2023-03-07,6
506,â€‹@Jigar Kashyap ğŸ‘ğŸ‘ğŸ˜‚ğŸ˜‚ğŸ˜‚sahi kha bhai,ABHI A NEW SPARK,UCOxWwYWzGIyuIwBA5MlGmbA,2023-03-14,0
507,Kyo jab tum se expect nahi kar sakte to yehi sahi hain na.,Jigar Kashyap,UCr3C1RVNTLCnrO-7SBSIhRQ,2023-03-10,0
508,Mai socha inko bhi kiss chaiye ğŸ˜…,Sumit Kumar Das,UCOhvevKIispobvCTpsWo82Q,2023-03-07,0
509,Long distance sexğŸ‘ wala kab aayegağŸ˜ğŸ˜ğŸ˜,Akash Gulde,UCFJbXSTS64qtlp9P0QdC-KQ,2023-03-06,0
510,Hii,Panwar J S,UCW2rJJrFKY6Ue_9mOV672vg,2023-03-06,0
511,Hello,Panwar J S,UCW2rJJrFKY6Ue_9mOV672vg,2023-03-06,0
512,"<a href=""https://youtu.be/DKBvHe3Cei4"">https://youtu.be/DKBvHe3Cei4</a>",Ritesh Pandey,UCAL8MFxV7P0cQfCP5o18MAA,2023-03-06,0
513,Dill varke kiss karlena,PRINCE DARK,UCjBScEtVbg49DeNDHV6Qsiw,2023-03-06,0
514,Ye device ka jarurat nhi hai,PRINCE DARK,UCjBScEtVbg49DeNDHV6Qsiw,2023-03-06,0
515,Mere pass aja,PRINCE DARK,UCjBScEtVbg49DeNDHV6Qsiw,2023-03-06,0
516,1st I want partner for thisğŸ™‚....single life...,Nisha Dwivedi,UChUhye0N9hM7sRdJbxIk2LQ,2023-03-06,0
517,Kis ka siwa kuch aur bi ho sakta he ğŸŒš,ÊœÉªÉ´á´… É¢á´€á´œÊ€á´€á´ ,UCwIulb7nyu2tUirisQEvbOw,2023-03-06,0
518,ğŸ¤£ğŸ¤£ğŸ¤£wah kya device hai,Mir Asif Ali,UCs_0bQoB7nIs1f8Nam78SYA,2023-03-06,0
519,Assam ka nam lene ke liye bohut bohut dhanyawad.Jai aai Assam. Assam or bilake eta like diba.,124 No. Saloipara 17 vill Bajali lcds project,UCLRoiGHfgDzgcMrXO8QFqQA,2023-03-06,20
520,De r,yğŸ˜ˆung & wildest,UCBmdLRQ14GaMGSJRJ9HYVMw,2023-03-07,0
521,Indian Seller :  Ab kiss krna hua asan ğŸ¤£ğŸ¤£<br><br>Custemr : Bhaiya ek kiss bhejwana tha ğŸ¤£<br><br>Pro custemr : demo mil saktahe kya ğŸ˜‚ğŸ˜‚<br><br>Pro max :  Srif kiss ke lie ya or kuch bhi Krsaktehen ğŸ¤£ğŸ¤£ğŸ¤£,Bibhash Podh,UCG_t0lo_dZNspxnssyun_yg,2023-03-06,0
522,Guys inka sary subs boys ha or most videos ma mazak bnate ha in Chootio k channel ko report kro dkhna ro degi,Being Haider,UCvfmhdLL_nzIN9c_4P7YfOA,2023-03-06,0
523,App download??? Woh sirf ek khilona h! ğŸ™„,No Name,UCJr0PrErphEw2Nzsp8GfauQ,2023-03-06,0
524,le single:ğŸ˜­ğŸ˜­ğŸ˜­ğŸ˜­ğŸ˜­,Op Amer,UCC99YO-0q3nxo0ehH7Ssikg,2023-03-06,0
525,Ye Chinese partner kab invent kr rhe hai ğŸ˜€ğŸ˜€,SCO Beijing,UCCTmUuBtWuUuO0LutZE7kzA,2023-03-06,0
526,Aapki right eye pe black mark hai..........yaa sirf mujhe lag rha hai????,Tanu Sharma,UC0eWEy7RXjmR9c87wKDC0GQ,2023-03-06,1
527,Partner ka lips samaz ke muh me bhi de sakte ho ğŸ¤£ğŸ¤£ğŸ¤£ğŸ¤£ğŸ¤£,Pratik Adhawade,UCrpbmvxzaQ1_IQTf3Dray-A,2023-03-06,0
528,Aap ne le liya hai ya mai bhej do,YAMRAJ GAMING,UC4-xDUkcHnFgFoo6sXsuNIA,2023-03-06,0
529,Howard and Raj already did it way back in 2009,The Playstation Gamer,UCV2SGPJMy1PHuyxRSGo7hqQ,2023-03-06,0
530,Chutiyapa hai ğŸ˜…ğŸ˜‚,vivansh art,UC5kQRv8z_Yzjw6R3HKpxuYQ,2023-03-06,0
531,Bsdk machine toh mai 100 le lu magar partner kha se lau ? Russian toh 6k me aati hai magar sirf 2hrs garib aadmi kha se afford karega ğŸ¥¹,Kr Raushan,UCdjOuToew2pazHX5frBsIrw,2023-03-06,0
532,Tumhe subscribe nahi chahiye Kuch aur chahiye ğŸ˜‰ğŸ˜œğŸ«£,John Gambhir,UCsYekshwZEBVgmpM2w9qPPA,2023-03-06,0
533,Orignal Kiss is Always Orignal lip Kiss ğŸ’•,Chacha AR!,UC1zOq2aZJ_PAfm9t7JWQf1Q,2023-03-06,3
534,Wo to sahi hai leken original milegi nahi ...alternative use karna padega,Cinema Talks,UCe8cyL5-3pnFSHZlzOxUKNA,2023-03-09,1
535,Vertical or horizontal one?,Tiny PRO,UCyg70UmH1Hj27JBOyh1EjnQ,2023-03-07,1
536,Jo kaho ye Bandi hot hai mahol Bana deti hai.,Akhilesh Kumar,UCvvgoA0TWw4dqdvk5tJlnDg,2023-03-06,0
537,pov china in 2030<br>  ~ Online laura only in 6000 and something,Lund ka Topa,UC4eB3wJBaNz7RSsE_8ZRY-w,2023-03-06,1
538,Humko sala ladki Nehi mil rehi<br>..ğŸ˜ª,Sujay Banerjee,UCPo9HWLLWIMZPXsGYO9jO7g,2023-03-06,0
539,1 subscribe = 1 kiss ğŸ˜,Abdul hadi Anas,UC1K_5OvlMiYpOhV9-FgFdcQ,2023-03-06,0
540,Hmm acha thick ha,EMPEROR YT,UC1sxZFMpqPbRNkQMvbU5lEg,2023-03-06,0
541,ğŸ¤£ğŸ¤£,bikefan,UCD3SfqtFS6zArhlbibrvezw,2023-03-06,0
542,3000 se acha aur thoda save karke 6000 me russian aajayengiğŸ˜‚ğŸ‘ğŸ»,Bhavesh Solanki,UCKoaqRIRb9vPEnOuFVoR0cg,2023-03-06,8
543,Russian kaha milegi Bhai hame bhi batao ğŸ˜‚,RT375,UCN6pSEi0_-V9B8sVaVFS3zw,2023-03-25,0
544,â€‹@Bhavesh Solankirubber se feel nhi milegağŸ¤«,MRINOCENT,UCT9XpSzPwt9B2mR0X5Ja7YQ,2023-03-25,0
545,@Harsh Vaswani Lekin One time me bhi Lene mil raha hai isme toh khali rubber haiğŸ˜,Bhavesh Solanki,UCKoaqRIRb9vPEnOuFVoR0cg,2023-03-17,2
546,"Vo one time use, ye , chale to chand tak nai to shaam tak ğŸ˜‚ğŸ˜‚",Harsh Vaswani,UC3A6_6KIkJ9_J_qGIeinUng,2023-03-17,0
547,ğŸ¥²ğŸ¥²ğŸ¥²ğŸ¥²,@SparkSuperior,UCUdpjHVOQp3FXtVnf2NH27Q,2023-03-06,0
548,Koi kiss krne wali hai he nhi ğŸ¤§ğŸ¤§ğŸ¤§,The CosmoS,UCjeb7F0FzckHI-579bWeDSg,2023-03-06,0
549,Muja laga kush aur Chiya,Suraj Kumar,UCa5K6NvFWv0UA4OS74Lx0fQ,2023-03-06,1
550,Mereko kiss karne wali chahiyeğŸ¥ºğŸ˜¢<br>Koi dhund dhand k dila doo.....<br>AAP logo ka Saturday night wala show kidhar gaya,Snehashish Kundu,UCCu4QgOKCb6L2CCdV_rHIOw,2023-03-06,0
551,APNE BUDGET ME NA AA PAYEGA  YEH KISSING DEVICE ğŸ˜¢ğŸ˜‚ğŸ˜‚,THE ALPHA MALE,UCToRG1jMTXaQ_VrHHtGpZBw,2023-03-06,179
552,khud ko strong banao or female se durr raho âœŠ bhramchary apno dosto,gullu,UC8rPOTLtKOOxWYErZ6oeq-w,2023-03-30,0
553,Meanwhile hacker alag se free me maje legağŸ¤£,Lion Hunter,UCcZoQ2vVMOaTjIkLztts86g,2023-03-25,0
554,â€‹@Karanjo bhi ho maza toh confirm hai,Walter White,UCOSmYs5HgM55JRGz82zPCbw,2023-03-15,2
555,@GW DEEPAK Russian nhi to Indian to pakka aa jayegi,Karan,UC1Hu0kOix0edaG1506hQ74A,2023-03-10,3
556,â€‹@oye ğŸ˜‚ğŸ˜‚ğŸ˜‚....,Boa Toa,UCu8RqsmMIPIOEjmMrWMIXtw,2023-03-09,0
557,I saw 69 comments ğŸ’¬ğŸŒš <br>It&#39;s 70th,Mr Focused,UCDnhmlOBTau7awwtxzcm_6w,2023-03-06,1
558,is product ka review bhi chaeya hme ğŸ˜‚ğŸ˜‚ğŸ”¥â™¥ï¸,Gurjot Singh,UCdk-7STWDHzFSexIGJJt-8Q,2023-03-06,116
559,Wo bhi Aap ye product ki live review dedo  medam ji,Shanni Boi,UC5pVCQxLcNESZ3ZkncJUqCQ,2023-03-07,6
560,3000 me kiss chordo sab kuch mil jayega,technological,UC5CeJT9pGNRU5qD2k24uCRw,2023-03-06,0
561,Partner kaha se laye wo to btao ğŸ˜‚,Prince,UCzzUpvTPsGeuMn7texnqLBw,2023-03-06,0
562,mobile  to hai pr partner  to chahiye yar,JEE ASPIRANT ARYAN,UCbft9izGibo-F3ubN2Slqlg,2023-03-06,0
563,Simp,vivek,UC3nedjrv_ltvVkCQPlarR1A,2023-03-06,0
564,Ek aap lelo ek me ham dono try krte hai thik ha didi,Noxton Gaming,UCgg8Gye6FRpiPlNbUKLXaQA,2023-03-06,0
565,Kisiko bhi bola tha main khush hogaya ğŸ¥º ki.shruti ko 20 hrs roj kiss kruga,A Kulkarni,UC4_Hpv02gzZp_zq5iNeoGbw,2023-03-06,0
566,Mujhe toh kuchh aur chahiye,Swaraj Mallik,UCgqv6-HZYhAkzzAYj9KS5_A,2023-03-06,0
567,Disclaimer: No Virat Kohli harmed in this video,Vitamin Protein,UCFIpcYaYgUndFB8VkS27Kjw,2023-03-06,30
568,meanwhile virat kohli : usko touch kaise kiya mğŸ¤¬,Ashiesh sharmah,UC60A41xHcOBxM3xYtk9HxMQ,2023-03-14,0
569,â€‹@GWA FREE FIRE ğŸ—¿,ğŸ—¿si,UCiO_HpGpw5P1k0qwF5BI9ww,2023-03-07,2
570,ğŸ’€,GWA FREE FIRE,UCCHH7AKidrWXO7-G6pIYwug,2023-03-06,2
571,Howard wolowitz was a visionary...he invented that thing years back...,Palaash Aggarwal,UCA49hxMQfWZG3LGOh5Pxq9Q,2023-03-06,0
572,aur zoom in karliya karo ğŸ‘ğŸ»,Shagu Dabas,UCiv6HGmlgK4IhWvZlWKZHng,2023-03-06,0
573,Nahi aapko pata nahi hai aapko kya chahiye. Aapko chahiye mere jaisa ek partner. By the way aapka naak ka nathani mast hai,Mjay,UC7VGs-lRXbLueFgsKP3le5w,2023-03-06,0
574,Baby can i have your Facebook id ğŸ˜˜ğŸ˜˜,Jammy,UCsY1hrBFos-W8PnW0yuAVgg,2023-03-06,0
575,"<a href=""http://www.youtube.com/results?search_query=%23assam"">#assam</a>",Raj borah.,UCN1WuKkCUpcz4bBOUdeJzQA,2023-03-06,0
576,ğŸŒ  yea sidha karneka kaoi upay dedo <br>yea phir kuch problem  hoga ki nahi kuch to batado please ğŸ™ğŸ™ğŸ™ğŸ™ğŸ™ğŸ™ğŸ™,Boos,UCw4gwomkA24RCp7xGMVGmpA,2023-03-06,0
577,You want 1 subscriber and I want 1 gf pleaseğŸ˜‚ğŸ˜‚,Akatsuki,UCmvpMY1nk6tH7XGhZVx7Jrw,2023-03-06,0
578,Isse acha hum soch keğŸ¤” kaam chla lenge.. ğŸ˜…,devi jones,UCJioHEyIF2A3DJNUKbswmew,2023-03-06,0
579,I love youâ¤ so much for yourself,The Way Of Life,UCukmmfePMIKMIiyvwH1tLhg,2023-03-06,1
580,But kissing a real human is an vera level satisfaction.....ğŸ’‹ğŸ’‹ğŸ’‹<br>ğŸ˜…ğŸ˜…ğŸ˜…ğŸ˜…ğŸ˜…ğŸ˜…ğŸ˜…ğŸ˜…ğŸ˜…,VenuMadhav,UCc4lLA6YUk5aBj0rof8URRg,2023-03-06,2
581,Assam????,SANKAR FF YT,UC4acYXlDungXScikV-l06og,2023-03-06,5
582,ASSAM ğŸ˜,Jatil Bastov Gogoi,UCewWfpzpFEyVF4zS1Kad9Kw,2023-03-06,9
583,Jai aai axomâ¤,Ritish Bora,UCcPEv0t22GhP_PXWIqfto2A,2023-03-30,1
584,Guys have  u studied in any medical colleges or having experience in this field.  Ya it&#39;s just copy paste fact from Google and article ur just telling,INDIA,UCvJXlN5FHWRMbsiAFymg1Kw,2023-03-06,0
585,india me available hai kya ye ØŸØŸØŸ,Mohd Imran,UCOsn3G4ygGJ068onxM5g8Yg,2023-03-06,0
586,Machine tu mil jai gi par partner ğŸ¥ºğŸ’”,Saad_Bobby,UC-wymn1p8zemPRmYnemdAuA,2023-03-06,0
587,Sala vo sb chhodo ğŸ™‚ merko Virat Kohli k liye bura lgra ...uski biwi k sath kon mze le rha ğŸ™‚ğŸ˜‚ğŸ˜‚,à¹–Û£ÛœÆŠÎ±rÍ¥edÍ£eÍ«vá¥l,UCBDC1l9O1IALwTyZYkZYY4g,2023-03-06,1
588,Didi machine toh khareed li ab partner khaa se laaauğŸ˜­ğŸ˜­ğŸ˜­,ã…¤ã…¤ã…¤ã…¤ã…¤ã…¤ X,UCf9dRDjbKktfgVAnTR2xzGQ,2023-03-06,161
589,Tera kuchh nhi so sakta behan ke laude <br>For fun only <br>Don&#39;t be seriousğŸ˜…ğŸ˜…,Vishal Jat,UC08FKjblAN-7X-xpV6fqtGw,2023-03-31,0
590,"@Dhruv Banker ye to anyay he ,har gav redbajar banane ki jumbes karni chahiye har kuvare ladke ko..jis se gali ki ladkiya ko bhi koy paresan nahi karega..sadi barbadi se bach jayege.<br>or yis morche ke pramukh honge patra kar popat lal.",N.g chanal,UCMsOnTm8QZk1nU54AOYgdcA,2023-03-30,0
591,yesi bevkufi karne se pahle nahi socha !<br>yin se achh randi bajar chale jata.1000 me hojata..3000 dene ke bad bhi partner ki janjat yis liye ye machine flop gayi..,N.g chanal,UCMsOnTm8QZk1nU54AOYgdcA,2023-03-30,0
592,Ayo Sus ğŸ˜³,Sayan,UCVg20Q3vdsR4xCe_APvwGqA,2023-03-24,1
593,â€‹@motivation shorts exactly the same I was thinking to write,daksh gangwani audition,UCoPTlQFsIMOoEB3ysuHAavg,2023-03-16,1
594,I need partner,Robin Hood,UCChp5ZDf7QIRsF_ZiGCt_Kw,2023-03-06,0
595,Mujhe kya mai toh single hu ğŸ˜‚ğŸ˜‚,Adityavardhan,UC2Jlog8dHivWXPCB9CJhpEA,2023-03-06,1
596,Is se badhiya main ek s** doll lelu,Aman Prakash,UCVFWhiG8Kz-nVsQHWetfqfA,2023-03-06,0
597,China me talent ki jarabhi kami nahi hai,DR.,UCfpV0yaVt-aunoZ1YTcbcjg,2023-03-06,0
598,Bhai 3000 me to mil hi jaayegiğŸ˜‚ğŸ˜‚ğŸ˜‚ğŸ˜‚ğŸ˜‚,ğ™‘ğ™ğ™«ğ™šğ™  ğ™†ğ™ªğ™¢ğ™–ğ™§,UCpFKe-BMCYG1Gd91zg1jUng,2023-03-06,40
599,â€‹@Lund ka Topasachhi ğŸ˜®ğŸ˜®,hunter,UCo3sYgu0WtPVD1ROQBsRuhQ,2023-05-06,0
600,@gullu abe c. Mazak kar raha hu kyon har jagah serious ho jaata hai,ğ™‘ğ™ğ™«ğ™šğ™  ğ™†ğ™ªğ™¢ğ™–ğ™§,UCpFKe-BMCYG1Gd91zg1jUng,2023-03-30,1
601,c.  ke piche bhoot mat bano strong bano self Pride Lao khud me,gullu,UC8rPOTLtKOOxWYErZ6oeq-w,2023-03-30,0
602,â€‹@Lund ka Topa ğŸ™„,Ravi Chaudhary,UCGpMiwcgZfK0B86tjcadcEQ,2023-03-08,0
603,â€‹@kapil patidar hamare yaha 6000 mein a jati hai russian,Lund ka Topa,UC4eB3wJBaNz7RSsE_8ZRY-w,2023-03-06,2
604,Good work for you,Joyjit Saha,UCkGL9djzVjDX_02FJf9ZMHA,2023-03-06,1
605,Firr bhi woh feel nai jo real mein I mean really the exhale ğŸ™ƒ,Kishlay kr Sinha,UCQcx_O2ayjdc_WQNtnXhoBg,2023-03-06,35
606,Bhai experience hai?,Punit Kadam,UC-ShoYDFYPSSccBTpicobhA,2023-03-06,1
607,Soya chunks ke baje se man boobs badhte he ??? this fact or myth ?? ğŸ˜ª,ISHWAR 09,UCAMyyWvTPYLuzrHLzio9RyA,2023-03-06,0
608,Myth hai bs ğŸ˜Œ lekin iske bdle paneer aur chicken kha isme body bnegi,Keshav Gamer,UCFSRPcfY073_xq0bI_VMAiw,2023-03-06,2
609,Soya chunks ke baje se man boobs badhte he ??? this fact or myth ?? ğŸ˜ª,ISHWAR 09,UCAMyyWvTPYLuzrHLzio9RyA,2023-03-06,0
610,Soya chunks ke baje se man boobs badhte he ??? this fact or myth ?? ğŸ˜ª,ISHWAR 09,UCAMyyWvTPYLuzrHLzio9RyA,2023-03-06,0
611,Soya chunks ke baje se man boobs badhte he ??? this fact or myth ?? ğŸ˜ª,ISHWAR 09,UCAMyyWvTPYLuzrHLzio9RyA,2023-03-06,1
612,Assam mei ğŸ¤£,Dipak Barman,UC8VeUBuk1b5F48-Ny8fJefQ,2023-03-06,7
613,Assam:),SANKAR FF YT,UC4acYXlDungXScikV-l06og,2023-03-06,1
614,Assam ğŸ˜,Jatil Bastov Gogoi,UCewWfpzpFEyVF4zS1Kad9Kw,2023-03-06,2
615,You should also tell about how to grow pp ğŸ—¿ I&#39;m sure boys are very curious to know about that like if u agree ğŸ‘ğŸ»,NIKHIL,UCRen_rlh7N75uGkhFqO-Bhg,2023-03-06,1
616,My dirty mind ğŸ˜,Keertinandan tiwari,UCQf_Gsim1GZ9WPDE8J4Q-eQ,2023-03-06,25
617,Exactly,AP,UCEeDlT03W67OJJd5dpMwS6w,2023-03-29,1
618,"Indian ladko ko bas Sâ‚¬X k bare me hi Jaana Hai bs, tabhi Indian men ki koi respect nhi krta h, pura world Indian mens ko pervert aur r@pist samajhti h.",SiD,UCyqcmSJ45SF-t7o44ex3jnw,2023-03-06,0
619,Maine socha kiss mangne valli haiğŸ˜‚ğŸ˜‚ğŸ˜‚,Abhay Thakur,UCZg3Ohfjte15Dib3uDQdeAg,2023-03-06,4
620,Full Support To Made In China <br>Jk lolğŸ˜‚,LiLKsHmR,UCExQlkAPSrR7ExXAJzjJ_Pg,2023-03-06,21
621,Maine 20bar kiya hai,viral kids,UCxNhvXorkGWTIYf0sp-Iihw,2023-03-06,1
622,Report this channel and off this content,viral kids,UCxNhvXorkGWTIYf0sp-Iihw,2023-03-06,1
623,Ye india me bhi hona chahiye ğŸ‘ğŸ‘,Atul Kumar,UCKt-DZef7vO1uYsDp1jQMqg,2023-03-06,26
624,Imagine gays kissing ğŸ’€who don&#39;t have gf <br>Very cringe product,JayKing30 BHUPATHI,UCPJDvaaZQHOT-R62lAswQew,2023-04-23,0
625,â€‹@Naman Verma ğŸ˜‚ğŸ˜‚ğŸ˜‚ğŸ˜‚,Manjeet Gupta,UCMlYEyxVC31c3WozEo2IcuQ,2023-03-21,0
626,Indian government should make bandi first,Lund ka Topa,UC4eB3wJBaNz7RSsE_8ZRY-w,2023-03-06,1
627,@Naman Verma nahi,Atul Kumar,UCKt-DZef7vO1uYsDp1jQMqg,2023-03-06,1
628,@Optimus Prime tujhe kyu mirchi lag rahi hai,Atul Kumar,UCKt-DZef7vO1uYsDp1jQMqg,2023-03-06,0
